Seq,Design_Code,Finish_Code,Product_Name,PDF_Page,Printed_Page_from_Index,Series_Folder,Filename
1,7252,CO,SAND BEIGE,5,2,01_CO_FINISH_CO,001_7252_CO_SAND_BEIGE.png
2,5558,SYN-1,BROWN SILKWOOD,5,2,02_SYN-1_SYNCRO_SERIES,002_5558_SYN-1_BROWN_SILKWOOD.jpg
3,5556,SYN-1,ROCKY WOOD,6,3,02_SYN-1_SYNCRO_SERIES,003_5556_SYN-1_ROCKY_WOOD.jpg
4,5557,SYN-1,DESSERT TRAVERTINE VEIN,6,4,02_SYN-1_SYNCRO_SERIES,004_5557_SYN-1_DESSERT_TRAVERTINE_VEIN.jpg
5,5568,SYN-2,CHESTNUT WOOD,7,5,03_SYN-2_SYNCRO_SERIES,005_5568_SYN-2_CHESTNUT_WOOD.jpg
6,5565,SYN-2,DARK ESPRESSO,7,6,03_SYN-2_SYNCRO_SERIES,006_5565_SYN-2_DARK_ESPRESSO.jpg
7,5567,SYN-2,NATURAL TEAK,8,7,03_SYN-2_SYNCRO_SERIES,007_5567_SYN-2_NATURAL_TEAK.jpg
8,7191,SST,TURKISH ICE,8,7,04_SST_FINISH_SST,008_7191_SST_TURKISH_ICE.png
9,5566,SYN-2,HONEY OAK,8,8,03_SYN-2_SYNCRO_SERIES,009_5566_SYN-2_HONEY_OAK.jpg
10,5252,HT,MOCHA TRAVERTINE,9,9,05_HT_HARDSTONE_SERIES,010_5252_HT_MOCHA_TRAVERTINE.jpg
11,5251,HT,CAFÉ TRAVERTINE,9,9,05_HT_HARDSTONE_SERIES,011_5251_HT_CAFÉ_TRAVERTINE.jpg
12,5239,CM,DESSERT DUST,10,12,06_CM_CEMENTO_SERIES,012_5239_CM_DESSERT_DUST.jpg
13,5250,CM,ONYX MARBLE,10,,06_CM_CEMENTO_SERIES,013_5250_CM_ONYX_MARBLE.jpg
14,7252,DS,SAND BEIGE,10,11,07_DS_FINISH_DS,014_7252_DS_SAND_BEIGE.png
15,5243,CM,STORM GREY,10,12,06_CM_CEMENTO_SERIES,015_5243_CM_STORM_GREY.jpg
16,5246,CM,OBSIDIAN MARBLE,11,13,06_CM_CEMENTO_SERIES,016_5246_CM_OBSIDIAN_MARBLE.jpg
17,5241,CM,CARAMEL RUST,11,14,06_CM_CEMENTO_SERIES,017_5241_CM_CARAMEL_RUST.jpg
18,5245,STL,TERRA MARBLE,12,15,08_STL_STONERISH_SERIES,018_5245_STL_TERRA_MARBLE.jpg
19,5244,STL,ARISTOCARAT,12,16,08_STL_STONERISH_SERIES,019_5244_STL_ARISTOCARAT.jpg
20,5236,STL,PRIME BLACK,12,16,08_STL_STONERISH_SERIES,020_5236_STL_PRIME_BLACK.jpg
21,5570,AW,SOFT BEIGE,13,17,09_AW_AWSOME_SERIES,021_5570_AW_SOFT_BEIGE.jpg
22,5248,BL,CLASSIC WOOD,13,18,10_BL_BLISH_SERIES,022_5248_BL_CLASSIC_WOOD.jpg
23,5249,BL,DARKEN OAK,13,,10_BL_BLISH_SERIES,023_5249_BL_DARKEN_OAK.jpg
24,5247,MR,MIDNIGHT STONE CRACKLE,14,19,11_MR_MIRROR_SERIES,024_5247_MR_MIDNIGHT_STONE_CRACKLE.jpg
25,5247,AL,MIDNIGHT STONE CRACKLE,14,19,12_AL_CROSS_SERIES,025_5247_AL_MIDNIGHT_STONE_CRACKLE.jpg
26,5118,VV,DEPTH GREY,14,23,13_VV_VELVET_SERIES,026_5118_VV_DEPTH_GREY.png
27,5573,AW,GOLDEN OAK ESSENCE,14,20,09_AW_AWSOME_SERIES,027_5573_AW_GOLDEN_OAK_ESSENCE.jpg
28,LM1,LM,MILKEY METAL,16,21,14_LM_LIQUID_METAL,028_LM1_LM_MILKEY_METAL.jpg
29,LM2,LM,SPACE METAL,16,21,14_LM_LIQUID_METAL,029_LM2_LM_SPACE_METAL.jpg
30,7001,AC,PEARL WHITE,16,22,15_AC_ACRYLIC_COLOUR,030_7001_AC_PEARL_WHITE.png
31,7004,AC,CRAYON,16,22,15_AC_ACRYLIC_COLOUR,031_7004_AC_CRAYON.png
32,7007,AC,ICE LAND,16,22,15_AC_ACRYLIC_COLOUR,032_7007_AC_ICE_LAND.png
33,7008,AC,FOLK BLUE,16,22,15_AC_ACRYLIC_COLOUR,033_7008_AC_FOLK_BLUE.png
34,LM3,LM,CHARMING METAL,16,21,14_LM_LIQUID_METAL,034_LM3_LM_CHARMING_METAL.jpg
35,LM4,LM,NAVY METAL,16,21,14_LM_LIQUID_METAL,035_LM4_LM_NAVY_METAL.jpg
36,7005,AC,GRAPHITE GREY,16,22,15_AC_ACRYLIC_COLOUR,036_7005_AC_GRAPHITE_GREY.png
37,7006,AC,FOSSIL GREY,16,22,15_AC_ACRYLIC_COLOUR,037_7006_AC_FOSSIL_GREY.png
38,7009,AC,BABY PINK,16,22,15_AC_ACRYLIC_COLOUR,038_7009_AC_BABY_PINK.jpg
39,7010,AC,CYPRESS GREEN,16,22,15_AC_ACRYLIC_COLOUR,039_7010_AC_CYPRESS_GREEN.png
40,5171,VV,ASH GREY,17,23,13_VV_VELVET_SERIES,040_5171_VV_ASH_GREY.png
41,5117,VV,SLATE GREY,17,23,13_VV_VELVET_SERIES,041_5117_VV_SLATE_GREY.png
42,5166,VV,BOSCO GREY,17,23,13_VV_VELVET_SERIES,042_5166_VV_BOSCO_GREY.png
43,5169,VV,BABY GREEN,17,24,13_VV_VELVET_SERIES,043_5169_VV_BABY_GREEN.png
44,5168,VV,POWDER PINK,17,24,13_VV_VELVET_SERIES,044_5168_VV_POWDER_PINK.png
45,5175,VV,ASCOT MEG,17,24,13_VV_VELVET_SERIES,045_5175_VV_ASCOT_MEG.jpg
46,5208,VV,ORIENTAL BLUE,17,23,13_VV_VELVET_SERIES,046_5208_VV_ORIENTAL_BLUE.png
47,5210,VV,PETROL BLUE,17,23,13_VV_VELVET_SERIES,047_5210_VV_PETROL_BLUE.png
48,5170,VV,MIDNIGHT GREEN,17,24,13_VV_VELVET_SERIES,048_5170_VV_MIDNIGHT_GREEN.png
49,5167,VV,ICE BLUE,17,23,13_VV_VELVET_SERIES,049_5167_VV_ICE_BLUE.png
50,5207,VV,BURBERRY BLUE,17,23,13_VV_VELVET_SERIES,050_5207_VV_BURBERRY_BLUE.png
51,5104,VV,FROSTY WHITE,17,24,13_VV_VELVET_SERIES,051_5104_VV_FROSTY_WHITE.png
52,5165,VV,TIDAL SAND,17,23,13_VV_VELVET_SERIES,052_5165_VV_TIDAL_SAND.png
53,5164,VV,SMOKE BLUE,17,23,13_VV_VELVET_SERIES,053_5164_VV_SMOKE_BLUE.png
54,5209,VV,ALOEVERA,17,24,13_VV_VELVET_SERIES,054_5209_VV_ALOEVERA.png
55,5208,MR,ORIENTAL BLUE,18,25,11_MR_MIRROR_SERIES,055_5208_MR_ORIENTAL_BLUE.png
56,5210,MR,PETROL BLUE,18,25,11_MR_MIRROR_SERIES,056_5210_MR_PETROL_BLUE.png
57,5207,MR,BURBERRY BLUE,18,26,11_MR_MIRROR_SERIES,057_5207_MR_BURBERRY_BLUE.png
58,5170,MR,MIDNIGHT GREEN,18,26,11_MR_MIRROR_SERIES,058_5170_MR_MIDNIGHT_GREEN.png
59,5167,MR,ICE BLUE,18,25,11_MR_MIRROR_SERIES,059_5167_MR_ICE_BLUE.png
60,5164,MR,SMOKE BLUE,18,25,11_MR_MIRROR_SERIES,060_5164_MR_SMOKE_BLUE.png
61,5169,MR,BABY GREEN,18,26,11_MR_MIRROR_SERIES,061_5169_MR_BABY_GREEN.png
62,5209,MR,ALOEVERA,18,26,11_MR_MIRROR_SERIES,062_5209_MR_ALOEVERA.png
63,5171,MR,ASH GREY,18,25,11_MR_MIRROR_SERIES,063_5171_MR_ASH_GREY.png
64,5117,MR,SLATE GREY,18,"25,91",11_MR_MIRROR_SERIES,064_5117_MR_SLATE_GREY.png
65,5175,MR,ASCOT MEG,18,26,11_MR_MIRROR_SERIES,065_5175_MR_ASCOT_MEG.png
66,5118,MR,DEPTH GREY,18,25,11_MR_MIRROR_SERIES,066_5118_MR_DEPTH_GREY.png
67,5104,MR,FROSTY WHITE,18,"26,92",11_MR_MIRROR_SERIES,067_5104_MR_FROSTY_WHITE.png
68,5166,MR,BOSCO GREY,18,25,11_MR_MIRROR_SERIES,068_5166_MR_BOSCO_GREY.png
69,5165,MR,TIDAL SAND,18,26,11_MR_MIRROR_SERIES,069_5165_MR_TIDAL_SAND.png
70,5168,MR,POWDER PINK,18,26,11_MR_MIRROR_SERIES,070_5168_MR_POWDER_PINK.png
71,5204,MR,PEARL MIST,18,26,11_MR_MIRROR_SERIES,071_5204_MR_PEARL_MIST.png
72,5203,MR,MULBURY GREY,18,26,11_MR_MIRROR_SERIES,072_5203_MR_MULBURY_GREY.png
73,5205,MR,CHERRY BLOSSOM,18,26,11_MR_MIRROR_SERIES,073_5205_MR_CHERRY_BLOSSOM.png
74,5568,MR,CHESTNUT WOOD,19,27,11_MR_MIRROR_SERIES,074_5568_MR_CHESTNUT_WOOD.jpg
75,5565,MR,DARK ESPRESSO,19,29,11_MR_MIRROR_SERIES,075_5565_MR_DARK_ESPRESSO.jpg
76,5566,MR,HONEY OAK,19,28,11_MR_MIRROR_SERIES,076_5566_MR_HONEY_OAK.jpg
77,5567,MR,NATURAL TEAK,19,30,11_MR_MIRROR_SERIES,077_5567_MR_NATURAL_TEAK.jpg
78,5240,RS,GALAXY PRIME,21,32,16_RS_ROYAL_SERIES,078_5240_RS_GALAXY_PRIME.jpg
79,5242,RS,COSTO ROCK,21,31,16_RS_ROYAL_SERIES,079_5242_RS_COSTO_ROCK.jpg
80,5243,RS,STORM GREY,21,32,16_RS_ROYAL_SERIES,080_5243_RS_STORM_GREY.jpg
81,5118,TB,DEPTH GREY,22,,17_TB_FINISH_TB,081_5118_TB_DEPTH_GREY.png
82,7190,TB,URBAN VIBES,22,33,17_TB_FINISH_TB,082_7190_TB_URBAN_VIBES.png
83,5560,ZW,RICH WALNUT,22,33,18_ZW_ZERO_WOOD,083_5560_ZW_RICH_WALNUT.jpg
84,5559,ZW,WALNUT OAK CLASSIC,22,34,18_ZW_ZERO_WOOD,084_5559_ZW_WALNUT_OAK_CLASSIC.jpg
85,5595,ZW,FRIMA WALNUT,22,34,18_ZW_ZERO_WOOD,085_5595_ZW_FRIMA_WALNUT.jpg
86,5209,TB,ALOEVERA,22,33,17_TB_FINISH_TB,086_5209_TB_ALOEVERA.png
87,5523,ZW,PINE LIGHT,23,35,18_ZW_ZERO_WOOD,087_5523_ZW_PINE_LIGHT.jpg
88,5524,ZW,PINE DARK,23,35,18_ZW_ZERO_WOOD,088_5524_ZW_PINE_DARK.jpg
89,5545,ZW,SOLOMAN OAK,23,36,18_ZW_ZERO_WOOD,089_5545_ZW_SOLOMAN_OAK.jpg
90,5548,ZW,GOLDEN GLORY,23,36,18_ZW_ZERO_WOOD,090_5548_ZW_GOLDEN_GLORY.jpg
91,5244,MHF,ARISTOCARAT,24,37,19_MHF_MIRROR_FLUTED,091_5244_MHF_ARISTOCARAT.jpg
92,5244,MR,ARISTOCARAT,24,37,11_MR_MIRROR_SERIES,092_5244_MR_ARISTOCARAT.jpg
93,5246,MR,OBSIDIAN MARBLE,24,38,11_MR_MIRROR_SERIES,093_5246_MR_OBSIDIAN_MARBLE.jpg
94,5246,MHF,OBSIDIAN MARBLE,24,38,19_MHF_MIRROR_FLUTED,094_5246_MHF_OBSIDIAN_MARBLE.jpg
95,5243,MHF,STORM GREY,25,40,19_MHF_MIRROR_FLUTED,095_5243_MHF_STORM_GREY.jpg
96,5239,MHF,DESSERT DUST,25,39,19_MHF_MIRROR_FLUTED,096_5239_MHF_DESSERT_DUST.jpg
97,5240,MHF,GALAXY PRIME,25,39,19_MHF_MIRROR_FLUTED,097_5240_MHF_GALAXY_PRIME.jpg
98,5242,MHF,COSTO ROCK,25,40,19_MHF_MIRROR_FLUTED,098_5242_MHF_COSTO_ROCK.jpg
99,5549,PW,ULTIMA WALNUT,26,41,20_PW_PALM_WOOD,099_5549_PW_ULTIMA_WALNUT.jpg
100,5552,PW,SOLIA OAK,26,41,20_PW_PALM_WOOD,100_5552_PW_SOLIA_OAK.jpg
101,5555,PW,GEMBER WALNUT,26,41,20_PW_PALM_WOOD,101_5555_PW_GEMBER_WALNUT.jpg
102,7257,CO,BROOK GREY,26,42,01_CO_FINISH_CO,102_7257_CO_BROOK_GREY.png
103,5569,PW,IVORY PINE,26,42,20_PW_PALM_WOOD,103_5569_PW_IVORY_PINE.jpg
104,5236,STR,PRIME BLACK,27,44,21_STR_ZERO_STONERISH,104_5236_STR_PRIME_BLACK.jpg
105,5237,STR,TURKISH BLACK STONE,27,43,21_STR_ZERO_STONERISH,105_5237_STR_TURKISH_BLACK_STONE.jpg
106,5235,STR,VALLEY STONE DARK,27,44,21_STR_ZERO_STONERISH,106_5235_STR_VALLEY_STONE_DARK.jpg
107,5726,RL,CANYON YALE,28,45,22_RL_ROUGH_LINE,107_5726_RL_CANYON_YALE.jpg
108,5729,RL,SIERRA PEACH,28,45,22_RL_ROUGH_LINE,108_5729_RL_SIERRA_PEACH.jpg
109,5573,NG,GOLDEN OAK ESSENCE,28,46,23_NG_NEON_SERIES,109_5573_NG_GOLDEN_OAK_ESSENCE.jpg
110,5559,NG,WALNUT OAK CLASSIC,28,46,23_NG_NEON_SERIES,110_5559_NG_WALNUT_OAK_CLASSIC.jpg
111,5170,JT,MIDNIGHT GREEN,29,50,24_JT_FINISH_JT,111_5170_JT_MIDNIGHT_GREEN.png
112,5165,JT,TIDAL SAND,29,50,24_JT_FINISH_JT,112_5165_JT_TIDAL_SAND.png
113,5550,ZA,JAVA OAK,29,47,25_ZA_ZERO_ASH,113_5550_ZA_JAVA_OAK.jpg
114,5549,ZA,ULTIMA WALNUT,29,49,25_ZA_ZERO_ASH,114_5549_ZA_ULTIMA_WALNUT.jpg
115,5552,ZA,SOLIA OAK,29,48,25_ZA_ZERO_ASH,115_5552_ZA_SOLIA_OAK.jpg
116,5554,ZA,SEDONA BROWN,29,50,25_ZA_ZERO_ASH,116_5554_ZA_SEDONA_BROWN.jpg
117,5245,MR,TERRA MARBLE,31,51,11_MR_MIRROR_SERIES,117_5245_MR_TERRA_MARBLE.jpg
118,5250,MR,ONYX MARBLE,31,51,11_MR_MIRROR_SERIES,118_5250_MR_ONYX_MARBLE.jpg
119,5251,MR,CAFÉ TRAVERTINE,31,52,11_MR_MIRROR_SERIES,119_5251_MR_CAFÉ_TRAVERTINE.jpg
120,5252,MR,MOCHA TRAVERTINE,31,52,11_MR_MIRROR_SERIES,120_5252_MR_MOCHA_TRAVERTINE.jpg
121,5532,SO,BLAKINO TEAK,32,53,26_SO_SHINING_OAK,121_5532_SO_BLAKINO_TEAK.jpg
122,5534,SO,MYSORE TEAK,32,53,26_SO_SHINING_OAK,122_5534_SO_MYSORE_TEAK.jpg
123,5551,SO,REAL WOOD,32,54,26_SO_SHINING_OAK,123_5551_SO_REAL_WOOD.jpg
124,5606,SO,CHERRY TENENSE,32,54,26_SO_SHINING_OAK,124_5606_SO_CHERRY_TENENSE.jpg
125,5241,VV,CARAMEL RUST,33,56,13_VV_VELVET_SERIES,125_5241_VV_CARAMEL_RUST.jpg
126,5244,VV,ARISTOCARAT,33,55,13_VV_VELVET_SERIES,126_5244_VV_ARISTOCARAT.jpg
127,5245,VV,TERRA MARBLE,33,55,13_VV_VELVET_SERIES,127_5245_VV_TERRA_MARBLE.jpg
128,5243,VV,STORM GREY,33,56,13_VV_VELVET_SERIES,128_5243_VV_STORM_GREY.jpg
129,5239,VV,DESSERT DUST,33,56,13_VV_VELVET_SERIES,129_5239_VV_DESSERT_DUST.jpg
130,5548,LL,GOLDEN GLORY,34,57,27_LL_LOUVER_SERIES,130_5548_LL_GOLDEN_GLORY.jpg
131,5538,LL,LOUVERS FLUIDE,34,58,27_LL_LOUVER_SERIES,131_5538_LL_LOUVERS_FLUIDE.jpg
132,5534,LL,MYSORE TEAK,34,57,27_LL_LOUVER_SERIES,132_5534_LL_MYSORE_TEAK.jpg
133,5545,LL,SOLOMAN OAK,34,58,27_LL_LOUVER_SERIES,133_5545_LL_SOLOMAN_OAK.jpg
134,5539,LL,LOUVERS BRINCH,34,58,27_LL_LOUVER_SERIES,134_5539_LL_LOUVERS_BRINCH.jpg
135,5233,STN,AUSTRALIAN MARBLE,35,59,28_STN_FRESCO_STONE,135_5233_STN_AUSTRALIAN_MARBLE.jpg
136,5231,VV,WOOD BLOCK LIGHT,35,60,13_VV_VELVET_SERIES,136_5231_VV_WOOD_BLOCK_LIGHT.jpg
137,5231,PU,WOOD BLOCK LIGHT,35,60,29_PU_POLISHED_SERIES,137_5231_PU_WOOD_BLOCK_LIGHT.jpg
138,5233,LL,AUSTRALIAN MARBLE,35,59,27_LL_LOUVER_SERIES,138_5233_LL_AUSTRALIAN_MARBLE.jpg
139,5233,MR,AUSTRALIAN MARBLE,35,59,11_MR_MIRROR_SERIES,139_5233_MR_AUSTRALIAN_MARBLE.jpg
140,5232,PU,WOOD BLOCK DARK,35,60,29_PU_POLISHED_SERIES,140_5232_PU_WOOD_BLOCK_DARK.jpg
141,5232,VV,WOOD BLOCK DARK,35,60,13_VV_VELVET_SERIES,141_5232_VV_WOOD_BLOCK_DARK.jpg
142,5104,STN,FROSTY WHITE,36,62,28_STN_FRESCO_STONE,142_5104_STN_FROSTY_WHITE.jpg
143,5229,STN,SPANISH CREAM,36,61,28_STN_FRESCO_STONE,143_5229_STN_SPANISH_CREAM.jpg
144,5230,STN,SPANISH DARK,36,61,28_STN_FRESCO_STONE,144_5230_STN_SPANISH_DARK.jpg
145,5225,STN,CREMA VALENCIA GREY,36,62,28_STN_FRESCO_STONE,145_5225_STN_CREMA_VALENCIA_GREY.jpg
146,5224,STN,CREMA VALENCIA WHITE,36,62,28_STN_FRESCO_STONE,146_5224_STN_CREMA_VALENCIA_WHITE.jpg
147,5557,VV,DESERT TRAVERTINE VEIN,37,64,13_VV_VELVET_SERIES,147_5557_VV_DESERT_TRAVERTINE_VEIN.jpg
148,5555,VV,GEMBER WALNUT,37,63,13_VV_VELVET_SERIES,148_5555_VV_GEMBER_WALNUT.jpg
149,5573,VV,GOLDEN OAK ESSENCE,37,63,13_VV_VELVET_SERIES,149_5573_VV_GOLDEN_OAK_ESSENCE.jpg
150,5558,VV,BROWN SILKWOOD,37,64,13_VV_VELVET_SERIES,150_5558_VV_BROWN_SILKWOOD.jpg
151,5556,VV,ROCKY WOOD,37,64,13_VV_VELVET_SERIES,151_5556_VV_ROCKY_WOOD.jpg
152,5540,VV,GINGER GREY,38,66,13_VV_VELVET_SERIES,152_5540_VV_GINGER_GREY.jpg
153,5552,VV,SOLIA OAK,38,65,13_VV_VELVET_SERIES,153_5552_VV_SOLIA_OAK.jpg
154,5554,VV,SEDONA BROWN,38,65,13_VV_VELVET_SERIES,154_5554_VV_SEDONA_BROWN.jpg
155,5676,VV,BLIFTON CROSSING,38,66,13_VV_VELVET_SERIES,155_5676_VV_BLIFTON_CROSSING.jpg
156,5675,VV,CLIFTON CROSSING,38,66,13_VV_VELVET_SERIES,156_5675_VV_CLIFTON_CROSSING.jpg
157,5543,VV,CARAMEL MIST,39,67,13_VV_VELVET_SERIES,157_5543_VV_CARAMEL_MIST.jpg
158,5550,VV,JAVA OAK,39,68,13_VV_VELVET_SERIES,158_5550_VV_JAVA_OAK.jpg
159,5551,VV,REAL WOOD,39,67,13_VV_VELVET_SERIES,159_5551_VV_REAL_WOOD.jpg
160,5548,VV,GOLDEN GLORY,39,67,13_VV_VELVET_SERIES,160_5548_VV_GOLDEN_GLORY.jpg
161,5545,VV,SOLOMAN OAK,39,68,13_VV_VELVET_SERIES,161_5545_VV_SOLOMAN_OAK.jpg
162,5549,VV,ULTIMA WALNUT,39,68,13_VV_VELVET_SERIES,162_5549_VV_ULTIMA_WALNUT.jpg
163,5534,PU,MYSORE TEAK,40,69,29_PU_POLISHED_SERIES,163_5534_PU_MYSORE_TEAK.jpg
164,5548,PU,GOLDEN GLORY,40,69,29_PU_POLISHED_SERIES,164_5548_PU_GOLDEN_GLORY.jpg
165,5528,PU,RUSSIAN TEAK,40,70,29_PU_POLISHED_SERIES,165_5528_PU_RUSSIAN_TEAK.jpg
166,5545,PU,SOLOMAN OAK,40,70,29_PU_POLISHED_SERIES,166_5545_PU_SOLOMAN_OAK.jpg
167,5103,PU,OFF WHITE,41,71,29_PU_POLISHED_SERIES,167_5103_PU_OFF_WHITE.jpg
168,5550,PU,JAVA OAK,41,71,29_PU_POLISHED_SERIES,168_5550_PU_JAVA_OAK.jpg
169,5221,VR,URBAN WOOD BROWN,41,72,30_VR_VENEER_SERIES,169_5221_VR_URBAN_WOOD_BROWN.jpg
170,5222,VR,URBAN WOOD GREY,41,72,30_VR_VENEER_SERIES,170_5222_VR_URBAN_WOOD_GREY.jpg
171,5525,PU,SWEDEN TEAK,41,71,29_PU_POLISHED_SERIES,171_5525_PU_SWEDEN_TEAK.jpg
172,5533,PU,TANZANIA TEAK,41,71,29_PU_POLISHED_SERIES,172_5533_PU_TANZANIA_TEAK.jpg
173,5655,VR,ZILLION WOOD,41,72,30_VR_VENEER_SERIES,173_5655_VR_ZILLION_WOOD.jpg
174,5603,VR,SINGLE WOOD,41,72,30_VR_VENEER_SERIES,174_5603_VR_SINGLE_WOOD.jpg
175,5527,RW,SCOTIA TEAK,42,73,31_RW_RUSTIC_WOOD,175_5527_RW_SCOTIA_TEAK.jpg
176,5543,SW,CARAMEL MIST,42,74,32_SW_SHINE_WOOD,176_5543_SW_CARAMEL_MIST.jpg
177,5603,RW,SINGLE WOOD,42,73,31_RW_RUSTIC_WOOD,177_5603_RW_SINGLE_WOOD.jpg
178,5595,RW,FRIMA WALNUT,42,73,31_RW_RUSTIC_WOOD,178_5595_RW_FRIMA_WALNUT.jpg
179,5540,SW,GINGER GREY,42,74,32_SW_SHINE_WOOD,179_5540_SW_GINGER_GREY.jpg
180,5551,SW,REAL WOOD,42,74,32_SW_SHINE_WOOD,180_5551_SW_REAL_WOOD.jpg
181,5230,MR,SPANISH DARK,43,75,11_MR_MIRROR_SERIES,181_5230_MR_SPANISH_DARK.jpg
182,5229,MR,SPANISH CREAM,43,76,11_MR_MIRROR_SERIES,182_5229_MR_SPANISH_CREAM.jpg
183,5242,MR,COSTO ROCK,43,75,11_MR_MIRROR_SERIES,183_5242_MR_COSTO_ROCK.jpg
184,5228,MR,ROMANIAN GREEN,43,75,11_MR_MIRROR_SERIES,184_5228_MR_ROMANIAN_GREEN.jpg
185,5227,MR,ROMANIAN BROWN,43,76,11_MR_MIRROR_SERIES,185_5227_MR_ROMANIAN_BROWN.jpg
186,5240,MR,GALAXY PRIME,43,76,11_MR_MIRROR_SERIES,186_5240_MR_GALAXY_PRIME.jpg
187,5224,MR,CREMA VALENCIA WHITE,44,77,11_MR_MIRROR_SERIES,187_5224_MR_CREMA_VALENCIA_WHITE.jpg
188,5236,MR,PRIME BLACK,44,77,11_MR_MIRROR_SERIES,188_5236_MR_PRIME_BLACK.jpg
189,5235,MR,VALLEY STONE DARK,44,78,11_MR_MIRROR_SERIES,189_5235_MR_VALLEY_STONE_DARK.jpg
190,5241,MR,CARAMEL RUST,44,78,11_MR_MIRROR_SERIES,190_5241_MR_CARAMEL_RUST.jpg
191,5225,MR,CREMA VALENCIA GREY,44,77,11_MR_MIRROR_SERIES,191_5225_MR_CREMA_VALENCIA_GREY.jpg
192,5239,MR,DESSERT DUST,44,77,11_MR_MIRROR_SERIES,192_5239_MR_DESSERT_DUST.jpg
193,5237,MR,TURKISH BLACK STONE,44,78,11_MR_MIRROR_SERIES,193_5237_MR_TURKISH_BLACK_STONE.jpg
194,5243,MR,STORM GREY,44,78,11_MR_MIRROR_SERIES,194_5243_MR_STORM_GREY.jpg
195,5229,HX,SPANISH CREAM,45,79,33_HX_HX_SERIES,195_5229_HX_SPANISH_CREAM.jpg
196,5532,BR,BLAKINO TEAK,45,80,34_BR_BRICKS_SERIES,196_5532_BR_BLAKINO_TEAK.jpg
197,5103,HX,OFF WHITE,45,79,33_HX_HX_SERIES,197_5103_HX_OFF_WHITE.jpg
198,5104,BR,FROSTY WHITE,45,80,34_BR_BRICKS_SERIES,198_5104_BR_FROSTY_WHITE.jpg
199,5230,HX,SPANISH DARK,45,79,33_HX_HX_SERIES,199_5230_HX_SPANISH_DARK.jpg
200,5603,BR,SINGLE WOOD,45,80,34_BR_BRICKS_SERIES,200_5603_BR_SINGLE_WOOD.jpg
201,5525,CW,SWEDEN TEAK,46,81,35_CW_CALIFORNIA_WOOD,201_5525_CW_SWEDEN_TEAK.jpg
202,5528,CW,RUSSIAN TEAK,46,81,35_CW_CALIFORNIA_WOOD,202_5528_CW_RUSSIAN_TEAK.jpg
203,5548,CW,GOLDEN GLORY,46,82,35_CW_CALIFORNIA_WOOD,203_5548_CW_GOLDEN_GLORY.jpg
204,5547,CW,ZEBRA TEAK,46,82,35_CW_CALIFORNIA_WOOD,204_5547_CW_ZEBRA_TEAK.jpg
205,5933,HO,TANZANIA TEAK,47,84,36_HO_FINISH_HO,205_5933_HO_TANZANIA_TEAK.jpg
206,5675,HW,CLIFTON CROSSING,47,83,37_HW_FINISH_HW,206_5675_HW_CLIFTON_CROSSING.jpg
207,5934,HO,MYSORE TEAK,47,84,36_HO_FINISH_HO,207_5934_HO_MYSORE_TEAK.jpg
208,5545,HW,SOLOMAN OAK,47,83,37_HW_FINISH_HW,208_5545_HW_SOLOMAN_OAK.jpg
209,5676,HW,BLIFTON CROSSING,47,83,37_HW_FINISH_HW,209_5676_HW_BLIFTON_CROSSING.jpg
210,5910,HO,CHERRY TENENSE,47,84,36_HO_FINISH_HO,210_5910_HO_CHERRY_TENENSE.jpg
211,5569,MR,IVORY PINE,48,85,11_MR_MIRROR_SERIES,211_5569_MR_IVORY_PINE.jpg
212,5551,MR,REAL WOOD,48,85,11_MR_MIRROR_SERIES,212_5551_MR_REAL_WOOD.jpg
213,5555,MR,GEMBER WALNUT,48,86,11_MR_MIRROR_SERIES,213_5555_MR_GEMBER_WALNUT.jpg
214,5570,MR,SOFT BEIGE,48,86,11_MR_MIRROR_SERIES,214_5570_MR_SOFT_BEIGE.jpg
215,5543,MR,CARAMEL MIST,49,87,11_MR_MIRROR_SERIES,215_5543_MR_CARAMEL_MIST.jpg
216,5527,MR,SCOTIA TEAK,49,88,11_MR_MIRROR_SERIES,216_5527_MR_SCOTIA_TEAK.jpg
217,5552,MR,SOLIA OAK,49,87,11_MR_MIRROR_SERIES,217_5552_MR_SOLIA_OAK.jpg
218,5549,MR,ULTIMA WALNUT,49,87,11_MR_MIRROR_SERIES,218_5549_MR_ULTIMA_WALNUT.jpg
219,5595,MR,FRIMA WALNUT,49,88,11_MR_MIRROR_SERIES,219_5595_MR_FRIMA_WALNUT.jpg
220,5528,MR,RUSSIAN TEAK,49,88,11_MR_MIRROR_SERIES,220_5528_MR_RUSSIAN_TEAK.jpg
221,5542,MR,SYCAMORE,50,89,11_MR_MIRROR_SERIES,221_5542_MR_SYCAMORE.jpg
222,5545,MR,SOLOMAN OAK,50,90,11_MR_MIRROR_SERIES,222_5545_MR_SOLOMAN_OAK.jpg
223,5541,MR,CROSS FIRE,50,89,11_MR_MIRROR_SERIES,223_5541_MR_CROSS_FIRE.jpg
224,5534,MR,MYSORE TEAK,50,89,11_MR_MIRROR_SERIES,224_5534_MR_MYSORE_TEAK.jpg
225,5548,MR,GOLDEN GLORY,50,90,11_MR_MIRROR_SERIES,225_5548_MR_GOLDEN_GLORY.jpg
226,5603,MR,SINGLE WOOD,50,90,11_MR_MIRROR_SERIES,226_5603_MR_SINGLE_WOOD.jpg
227,5102,MR CC,NATURAL WHITE,51,92,38_MR_CC_FINISH_MR_CC,227_5102_MR_CC_NATURAL_WHITE.png
228,5104,MR CC,FROSTY WHITE,51,92,38_MR_CC_FINISH_MR_CC,228_5104_MR_CC_FROSTY_WHITE.png
229,5102,MR,NATURAL WHITE,51,92,11_MR_MIRROR_SERIES,229_5102_MR_NATURAL_WHITE.png
230,5146,MR,LIME YELLOW,51,91,11_MR_MIRROR_SERIES,230_5146_MR_LIME_YELLOW.png
231,5145,MR,YELLOW,51,91,11_MR_MIRROR_SERIES,231_5145_MR_YELLOW.png
232,5142,MR,ORANGE,51,91,11_MR_MIRROR_SERIES,232_5142_MR_ORANGE.png
233,5114,MR,CHOCOLATE,51,91,11_MR_MIRROR_SERIES,233_5114_MR_CHOCOLATE.png
234,5104,FT,FORSTY WHITE,51,92,39_FT_FINISH_FT,234_5104_FT_FORSTY_WHITE.jpg
235,5209,FT,ALOEVERA,51,92,39_FT_FINISH_FT,235_5209_FT_ALOEVERA.png
236,5125,MR,PINK,51,91,11_MR_MIRROR_SERIES,236_5125_MR_PINK.png
237,5160,MR,PARROT GREEN,51,91,11_MR_MIRROR_SERIES,237_5160_MR_PARROT_GREEN.png
238,5162,MR,PEACOCK GREEN,51,91,11_MR_MIRROR_SERIES,238_5162_MR_PEACOCK_GREEN.png
239,5111,MR,BROWN,51,91,11_MR_MIRROR_SERIES,239_5111_MR_BROWN.png
240,5117,FT,SLATE GREY,51,92,39_FT_FINISH_FT,240_5117_FT_SLATE_GREY.png
241,5207,FT,BURBERRY BLUE,51,92,39_FT_FINISH_FT,241_5207_FT_BURBERRY_BLUE.png
242,5116,MR,LIGHT GREY,51,91,11_MR_MIRROR_SERIES,242_5116_MR_LIGHT_GREY.png
243,5115,MR,DARK GREY,51,91,11_MR_MIRROR_SERIES,243_5115_MR_DARK_GREY.png
244,5151,MR,BLACK,51,91,11_MR_MIRROR_SERIES,244_5151_MR_BLACK.png
245,5105,MR,IVORY,51,92,11_MR_MIRROR_SERIES,245_5105_MR_IVORY.png
246,5675,SF,CLIFTON CROSSING,52,94,40_SF_SUEDE_FINISH,246_5675_SF_CLIFTON_CROSSING.jpg
247,5676,SF,BLIFTON CROSSING,52,94,40_SF_SUEDE_FINISH,247_5676_SF_BLIFTON_CROSSING.jpg
248,5611,SF,SIAM TEAK,52,94,40_SF_SUEDE_FINISH,248_5611_SF_SIAM_TEAK.jpg
249,5595,SF,FRIMA WALNUT,52,94,40_SF_SUEDE_FINISH,249_5595_SF_FRIMA_WALNUT.jpg
250,5603,SF,SINGLE WOOD,52,93,40_SF_SUEDE_FINISH,250_5603_SF_SINGLE_WOOD.jpg
251,5548,SF,GOLDEN GLORY,52,94,40_SF_SUEDE_FINISH,251_5548_SF_GOLDEN_GLORY.jpg
252,5545,SF,SOLOMAN OAK,52,94,40_SF_SUEDE_FINISH,252_5545_SF_SOLOMAN_OAK.jpg
253,5606,SF,CHERRY TENENSE,52,93,40_SF_SUEDE_FINISH,253_5606_SF_CHERRY_TENENSE.jpg
254,5551,SF,REAL WOOD,52,93,40_SF_SUEDE_FINISH,254_5551_SF_REAL_WOOD.jpg
255,5101,SF,SUPER WHITE,52,94,40_SF_SUEDE_FINISH,255_5101_SF_SUPER_WHITE.png
256,5102,SF,NATURAL WHITE,52,94,40_SF_SUEDE_FINISH,256_5102_SF_NATURAL_WHITE.png
257,5103,SF,OFF WHITE,52,94,40_SF_SUEDE_FINISH,257_5103_SF_OFF_WHITE.png
258,5104,SF,FROSTY WHITE,52,94,40_SF_SUEDE_FINISH,258_5104_SF_FROSTY_WHITE.png
259,5105,SF,IVORY,52,94,40_SF_SUEDE_FINISH,259_5105_SF_IVORY.png
260,5116,SF,LIGHT GREY,52,94,40_SF_SUEDE_FINISH,260_5116_SF_LIGHT_GREY.png
261,5117,SF,SLATE GREY,52,94,40_SF_SUEDE_FINISH,261_5117_SF_SLATE_GREY.png
262,5151,SF,BLACK,52,94,40_SF_SUEDE_FINISH,262_5151_SF_BLACK.png
