Serial,Catalog_PDF_Page,Series,Finish_Code,Design,Product_Code,Color_Name,Filename,Width_px,Height_px
1,5,Liquid Metal,LM,1,LM-1,NATURAL METAL,01_LIQUID_METAL/001_LM_1_NATURAL_METAL.png,683,1250
2,10,Acrylic Series,AC,1,AC-1,PEARL WHITE,05_ACRYLIC_SERIES/002_AC_1_PEARL_WHITE.png,454,794
3,10,Acrylic Series,FAC,1,FAC-1,PEARL WHITE,05_ACRYLIC_SERIES/003_FAC_1_PEARL_WHITE.png,454,341
4,5,Liquid Metal,LM,2,LM-2,NAVI METAL,01_LIQUID_METAL/004_LM_2_NAVI_METAL.png,682,1250
5,5,Liquid Metal,LM,3,LM-3,GREY METAL,01_LIQUID_METAL/005_LM_3_GREY_METAL.png,682,1250
6,11,Acrylic Series,AC,3,AC-3,SEA SHELL,05_ACRYLIC_SERIES/006_AC_3_SEA_SHELL.png,455,568
7,4,Liquid Metal,LM,4,LM-4,BLUE METAL,01_LIQUID_METAL/007_LM_4_BLUE_METAL.png,1250,1250
8,11,Acrylic Series,AC,4,AC-4,CRAYON,05_ACRYLIC_SERIES/008_AC_4_CRAYON.png,455,568
9,10,Acrylic Series,AC,5,AC-5,GRAPHITE GREY,05_ACRYLIC_SERIES/009_AC_5_GRAPHITE_GREY.png,454,794
10,10,Acrylic Series,FAC,5,FAC-5,GRAPHITE GREY,05_ACRYLIC_SERIES/010_FAC_5_GRAPHITE_GREY.png,454,341
11,11,Acrylic Series,AC,6,AC-6,OYSTER,05_ACRYLIC_SERIES/011_AC_6_OYSTER.png,455,568
12,11,Acrylic Series,AC,7,AC-7,SKY CLOUD,05_ACRYLIC_SERIES/012_AC_7_SKY_CLOUD.png,454,568
13,10,Acrylic Series,AC,8,AC-8,FOLK BLUE,05_ACRYLIC_SERIES/013_AC_8_FOLK_BLUE.png,454,794
14,10,Acrylic Series,FAC,8,FAC-8,FOLK BLUE,05_ACRYLIC_SERIES/014_FAC_8_FOLK_BLUE.png,454,341
15,10,Acrylic Series,AC,9,AC-9,BABY PINK,05_ACRYLIC_SERIES/015_AC_9_BABY_PINK.png,455,794
16,10,Acrylic Series,FAC,9,FAC-9,BABY PINK,05_ACRYLIC_SERIES/016_FAC_9_BABY_PINK.png,455,341
17,10,Acrylic Series,AC,10,AC-10,CYPRESS GREEN,05_ACRYLIC_SERIES/017_AC_10_CYPRESS_GREEN.png,455,794
18,10,Acrylic Series,FAC,10,FAC-10,CYPRESS GREEN,05_ACRYLIC_SERIES/018_FAC_10_CYPRESS_GREEN.png,455,341
19,11,Acrylic Series,AC,11,AC-11,TURKIESH,05_ACRYLIC_SERIES/019_AC_11_TURKIESH.png,454,568
20,11,Acrylic Series,AC,12,AC-12,WAVES,05_ACRYLIC_SERIES/020_AC_12_WAVES.png,455,568
21,11,Acrylic Series,AC,13,AC-13,SEA WATER,05_ACRYLIC_SERIES/021_AC_13_SEA_WATER.png,454,568
22,11,Acrylic Series,AC,14,AC-14,ALMOND BEIGE,05_ACRYLIC_SERIES/022_AC_14_ALMOND_BEIGE.png,454,568
23,9,Smoked Stone,SST,6118,SST-6118,GOTHIC GREY,04_SMOKED_STONE/023_SST_6118_GOTHIC_GREY.png,740,1250
24,12,Triangle Block,TB,6118,TB-6118,GOTHIC GREY,06_TRIANGLE_BLOCK/024_TB_6118_GOTHIC_GREY.png,454,851
25,16,Angular Line,AL,6118,AL-6118,GOTHIC GREY,10_ANGULAR_LINE/025_AL_6118_GOTHIC_GREY.png,738,1248
26,17,Line Series,CE,6118,CE-6118,GOTHIC GREY,11_LINE_SERIES/026_CE_6118_GOTHIC_GREY.png,1022,1248
27,27,Zero Matt,PM,6118,PM-6118,GOTHIC GREY,19_ZERO_MATT/027_PM_6118_GOTHIC_GREY.png,228,568
28,29,Premium Gloss,PG,6118,PG-6118,GOTHIC GREY,20_PREMIUM_GLOSS/028_PG_6118_GOTHIC_GREY.png,227,568
29,15,Dazzle Shadow,DS,6188,DS-6188,RUSTIC EMBER,09_DAZZLE_SHADOW/029_DS_6188_RUSTIC_EMBER.png,1589,851
30,27,Zero Matt,PM,6188,PM-6188,RUSTIC EMBER,19_ZERO_MATT/030_PM_6188_RUSTIC_EMBER.png,227,568
31,29,Premium Gloss,PG,6188,PG-6188,RUSTIC EMBER,20_PREMIUM_GLOSS/031_PG_6188_RUSTIC_EMBER.png,228,568
32,8,Cemento Series,CO,6189,CO-6189,MINT MIDNIGHT,03_CEMENTO_SERIES/032_CO_6189_MINT_MIDNIGHT.png,1134,456
33,14,Magic Brush,MB,6189,MB-6189,MINT MIDNIGHT,08_MAGIC_BRUSH/033_MB_6189_MINT_MIDNIGHT.png,1135,284
34,27,Zero Matt,PM,6189,PM-6189,MINT MIDNIGHT,19_ZERO_MATT/034_PM_6189_MINT_MIDNIGHT.png,227,568
35,28,Premium Gloss,PG,6189,PG-6189,MINT MIDNIGHT,20_PREMIUM_GLOSS/035_PG_6189_MINT_MIDNIGHT.png,227,568
36,8,Cemento Series,CO,6190,CO-6190,UBRAN VIBES,03_CEMENTO_SERIES/036_CO_6190_UBRAN_VIBES.png,1134,284
37,12,Triangle Block,TB,6190,TB-6190,UBRAN VIBES,06_TRIANGLE_BLOCK/037_TB_6190_UBRAN_VIBES.png,455,851
38,14,Magic Brush,MB,6190,MB-6190,UBRAN VIBES,08_MAGIC_BRUSH/038_MB_6190_UBRAN_VIBES.png,1134,284
39,26,Zero Matt,PM,6190,PM-6190,UBRAN VIBES,19_ZERO_MATT/039_PM_6190_UBRAN_VIBES.png,228,568
40,28,Premium Gloss,PG,6190,PG-6190,UBRAN VIBES,20_PREMIUM_GLOSS/040_PG_6190_UBRAN_VIBES.png,228,568
41,9,Smoked Stone,SST,6191,SST-6191,PALE WHITE,04_SMOKED_STONE/041_SST_6191_PALE_WHITE.png,1248,1250
42,27,Zero Matt,PM,6191,PM-6191,PALE WHITE,19_ZERO_MATT/042_PM_6191_PALE_WHITE.png,228,568
43,28,Premium Gloss,PG,6191,PG-6191,PALE WHITE,20_PREMIUM_GLOSS/043_PG_6191_PALE_WHITE.png,227,568
44,13,Wood Panels,WP,6192,WP-6192,AQUATIC,07_WOOD_PANELS/044_WP_6192_AQUATIC.png,454,1021
45,27,Zero Matt,PM,6192,PM-6192,AQUATIC,19_ZERO_MATT/045_PM_6192_AQUATIC.png,227,568
46,28,Premium Gloss,PG,6192,PG-6192,AQUATIC,20_PREMIUM_GLOSS/046_PG_6192_AQUATIC.png,228,568
47,26,Zero Matt,PM,6207,PM-6207,VIOLUE,19_ZERO_MATT/047_PM_6207_VIOLUE.png,228,568
48,28,Premium Gloss,PG,6207,PG-6207,VIOLUE,20_PREMIUM_GLOSS/048_PG_6207_VIOLUE.png,228,568
49,23,Shade Stone,PST,6208,PST-6208,ORIENTAL BLUE,15_SHADE_STONE/049_PST_6208_ORIENTAL_BLUE.png,455,568
50,26,Zero Matt,PM,6208,PM-6208,ORIENTAL BLUE,19_ZERO_MATT/050_PM_6208_ORIENTAL_BLUE.png,228,568
51,28,Premium Gloss,PG,6208,PG-6208,ORIENTAL BLUE,20_PREMIUM_GLOSS/051_PG_6208_ORIENTAL_BLUE.png,227,568
52,12,Triangle Block,TB,6209,TB-6209,ALOEVERA,06_TRIANGLE_BLOCK/052_TB_6209_ALOEVERA.png,1022,1248
53,17,Line Series,CE,6209,CE-6209,ALOEVERA,11_LINE_SERIES/053_CE_6209_ALOEVERA.png,454,1248
54,20,Cross Flute,AF,6209,AF-6209,ALOEVERA,13_CROSS_FLUTE/054_AF_6209_ALOEVERA.png,454,851
55,21,Double Flute,DF,6209,DF-6209,ALOEVERA,14_DOUBLE_FLUTE/055_DF_6209_ALOEVERA.png,455,568
56,23,Shade Stone,PST,6209,PST-6209,ALOEVERA,15_SHADE_STONE/056_PST_6209_ALOEVERA.png,455,568
57,24,Cube Series,CB,6209,CB-6209,ALOEVERA,17_CUBE_SERIES/057_CB_6209_ALOEVERA.png,1021,568
58,25,Matt Flute,FT,6209,FT-6209,ALOEVERA,18_MATT_FLUTE/058_FT_6209_ALOEVERA.png,455,568
59,27,Zero Matt,PM,6209,PM-6209,ALOEVERA,19_ZERO_MATT/059_PM_6209_ALOEVERA.png,228,568
60,28,Premium Gloss,PG,6209,PG-6209,ALOEVERA,20_PREMIUM_GLOSS/060_PG_6209_ALOEVERA.png,227,568
61,30,Polished Veneer,PV,6209,PV-6209,ALOEVERA,21_POLISHED_VENEER/061_PV_6209_ALOEVERA.png,341,341
62,21,Double Flute,DF,6210,DF-6210,PETROL BLUE,14_DOUBLE_FLUTE/062_DF_6210_PETROL_BLUE.png,455,568
63,25,Matt Flute,FT,6210,FT-6210,PETROL BLUE,18_MATT_FLUTE/063_FT_6210_PETROL_BLUE.png,738,568
64,26,Zero Matt,PM,6210,PM-6210,PETROL BLUE,19_ZERO_MATT/064_PM_6210_PETROL_BLUE.png,228,568
65,28,Premium Gloss,PG,6210,PG-6210,PETROL BLUE,20_PREMIUM_GLOSS/065_PG_6210_PETROL_BLUE.png,227,568
66,27,Zero Matt,PM,6251,PM-6251,SOFT SPRING,19_ZERO_MATT/066_PM_6251_SOFT_SPRING.png,228,568
67,28,Premium Gloss,PG,6251,PG-6251,SOFT SPRING,20_PREMIUM_GLOSS/067_PG_6251_SOFT_SPRING.png,228,568
68,8,Cemento Series,CO,6252,CO-6252,TIDAL SAND,03_CEMENTO_SERIES/068_CO_6252_TIDAL_SAND.png,684,1248
69,9,Smoked Stone,SST,6252,SST-6252,TIDAL SAND,04_SMOKED_STONE/069_SST_6252_TIDAL_SAND.png,741,570
70,15,Dazzle Shadow,DS,6252,DS-6252,TIDAL SAND,09_DAZZLE_SHADOW/070_DS_6252_TIDAL_SAND.png,341,851
71,17,Line Series,CE,6252,CE-6252,TIDAL SAND,11_LINE_SERIES/071_CE_6252_TIDAL_SAND.png,454,568
72,23,Shade Stone,PST,6252,PST-6252,TIDAL SAND,15_SHADE_STONE/072_PST_6252_TIDAL_SAND.png,454,568
73,24,Deep Flute,WF,6252,WF-6252,CHARCOAL GREY,16_DEEP_FLUTE/073_WF_6252_CHARCOAL_GREY.png,455,1248
74,25,Matt Flute,FT,6252,FT-6252,TIDAL SAND,18_MATT_FLUTE/074_FT_6252_TIDAL_SAND.png,455,568
75,26,Zero Matt,PM,6252,PM-6252,TIDAL SAND,19_ZERO_MATT/075_PM_6252_TIDAL_SAND.png,228,568
76,29,Premium Gloss,PG,6252,PG-6252,TIDAL SAND,20_PREMIUM_GLOSS/076_PG_6252_TIDAL_SAND.png,227,568
77,30,Polished Veneer,PV,6252,PV-6252,TIDAL SAND,21_POLISHED_VENEER/077_PV_6252_TIDAL_SAND.png,341,341
78,29,Premium Gloss,PG,6253,PG-6253,PAN CAKE,20_PREMIUM_GLOSS/078_PG_6253_PAN_CAKE.png,228,568
79,23,Shade Stone,PST,6254,PST-6254,MORNING GLORY,15_SHADE_STONE/079_PST_6254_MORNING_GLORY.png,454,1248
80,25,Matt Flute,FT,6254,FT-6254,MORNING GLORY,18_MATT_FLUTE/080_FT_6254_MORNING_GLORY.png,738,568
81,26,Zero Matt,PM,6254,PM-6254,MORNING GLORY,19_ZERO_MATT/081_PM_6254_MORNING_GLORY.png,228,568
82,28,Premium Gloss,PG,6254,PG-6254,MORNING GLORY,20_PREMIUM_GLOSS/082_PG_6254_MORNING_GLORY.png,228,568
83,30,Polished Veneer,PV,6254,PV-6254,MORNING GLORY,21_POLISHED_VENEER/083_PV_6254_MORNING_GLORY.png,341,341
84,12,Triangle Block,TB,6255,TB-6255,MUDDY PUDDLE,06_TRIANGLE_BLOCK/084_TB_6255_MUDDY_PUDDLE.png,454,851
85,15,Dazzle Shadow,DS,6255,DS-6255,MUDDY PUDDLE,09_DAZZLE_SHADOW/085_DS_6255_MUDDY_PUDDLE.png,341,1078
86,26,Zero Matt,PM,6255,PM-6255,MUDDY PUDDLE,19_ZERO_MATT/086_PM_6255_MUDDY_PUDDLE.png,227,568
87,29,Premium Gloss,PG,6255,PG-6255,SKY SOFT,20_PREMIUM_GLOSS/087_PG_6255_SKY_SOFT.png,228,568
88,29,Premium Gloss,PG,6256,PG-6256,CANYON SAND,20_PREMIUM_GLOSS/088_PG_6256_CANYON_SAND.png,228,568
89,8,Cemento Series,CO,6257,CO-6257,TWILIGHT GREY,03_CEMENTO_SERIES/089_CO_6257_TWILIGHT_GREY.png,1134,284
90,9,Smoked Stone,SST,6257,SST-6257,TWILIGHT GREY,04_SMOKED_STONE/090_SST_6257_TWILIGHT_GREY.png,741,570
91,14,Magic Brush,MB,6257,MB-6257,TWILIGHT GREY,08_MAGIC_BRUSH/091_MB_6257_TWILIGHT_GREY.png,1135,851
92,17,Line Series,CE,6257,CE-6257,TWILIGHT GREY,11_LINE_SERIES/092_CE_6257_TWILIGHT_GREY.png,454,568
93,18,Mirror Flute,HFT,6257,HFT-6257,TWILIGHT GREY,12_MIRROR_FLUTE/093_HFT_6257_TWILIGHT_GREY.png,455,1248
94,21,Double Flute,DF,6257,DF-6257,TWILIGHT GREY,14_DOUBLE_FLUTE/094_DF_6257_TWILIGHT_GREY.png,455,568
95,23,Shade Stone,PST,6257,PST-6257,TWILIGHT GREY,15_SHADE_STONE/095_PST_6257_TWILIGHT_GREY.png,454,568
96,27,Zero Matt,PM,6257,PM-6257,TWILIGHT GREY,19_ZERO_MATT/096_PM_6257_TWILIGHT_GREY.png,228,568
97,29,Premium Gloss,PG,6257,PG-6257,TWILIGHT GREY,20_PREMIUM_GLOSS/097_PG_6257_TWILIGHT_GREY.png,227,568
98,13,Wood Panels,WP,6258,WP-6258,SMOKE GREY,07_WOOD_PANELS/098_WP_6258_SMOKE_GREY.png,1248,1248
99,15,Dazzle Shadow,DS,6258,DS-6258,SMOKE GREY,09_DAZZLE_SHADOW/099_DS_6258_SMOKE_GREY.png,341,1248
100,18,Mirror Flute,HFT,6258,HFT-6258,SMOKE GREY,12_MIRROR_FLUTE/100_HFT_6258_SMOKE_GREY.png,455,1248
101,20,Cross Flute,AF,6258,AF-6258,SMOKE GREY,13_CROSS_FLUTE/101_AF_6258_SMOKE_GREY.png,455,851
102,23,Shade Stone,PST,6258,PST-6258,SMOKE GREY,15_SHADE_STONE/102_PST_6258_SMOKE_GREY.png,454,568
103,24,Deep Flute,WF,6258,WF-6258,SMOKE GREY,16_DEEP_FLUTE/103_WF_6258_SMOKE_GREY.png,455,1248
104,25,Matt Flute,FT,6258,FT-6258,SMOKE GREY,18_MATT_FLUTE/104_FT_6258_SMOKE_GREY.png,455,568
105,27,Zero Matt,PM,6258,PM-6258,SMOKE GREY,19_ZERO_MATT/105_PM_6258_SMOKE_GREY.png,228,568
106,29,Premium Gloss,PG,6258,PG-6258,SMOKE GREY,20_PREMIUM_GLOSS/106_PG_6258_SMOKE_GREY.png,227,568
107,30,Polished Veneer,PV,6258,PV-6258,SMOKE GREY,21_POLISHED_VENEER/107_PV_6258_SMOKE_GREY.png,341,341
108,21,Double Flute,DF,6259,DF-6259,JAVA,14_DOUBLE_FLUTE/108_DF_6259_JAVA.png,738,568
109,23,Shade Stone,PST,6259,PST-6259,JAVA,15_SHADE_STONE/109_PST_6259_JAVA.png,454,568
110,24,Deep Flute,WF,6259,WF-6259,JAVA,16_DEEP_FLUTE/110_WF_6259_JAVA.png,455,1248
111,25,Matt Flute,FT,6259,FT-6259,JAVA,18_MATT_FLUTE/111_FT_6259_JAVA.png,455,568
112,26,Zero Matt,PM,6259,PM-6259,JAVA,19_ZERO_MATT/112_PM_6259_JAVA.png,227,568
113,29,Premium Gloss,PG,6259,PG-6259,JAVA,20_PREMIUM_GLOSS/113_PG_6259_JAVA.png,228,568
114,12,Triangle Block,TB,6261,TB-6261,EXTRA BEIGE,06_TRIANGLE_BLOCK/114_TB_6261_EXTRA_BEIGE.png,454,851
115,19,Cross Flute,AF,6261,AF-6261,EXTRA BEIGE,13_CROSS_FLUTE/115_AF_6261_EXTRA_BEIGE.png,1021,1248
116,25,Matt Flute,FT,6261,FT-6261,EXTRA BEIGE,18_MATT_FLUTE/116_FT_6261_EXTRA_BEIGE.png,738,568
117,26,Zero Matt,PM,6261,PM-6261,EXTRA BEIGE,19_ZERO_MATT/117_PM_6261_EXTRA_BEIGE.png,227,568
118,29,Premium Gloss,PG,6261,PG-6261,EXTRA BEIGE,20_PREMIUM_GLOSS/118_PG_6261_EXTRA_BEIGE.png,228,568
119,20,Cross Flute,AF,6262,AF-6262,CHARCOAL GREY,13_CROSS_FLUTE/119_AF_6262_CHARCOAL_GREY.png,454,851
120,22,Shade Stone,PST,6262,PST-6262,CHARCOAL GREY,15_SHADE_STONE/120_PST_6262_CHARCOAL_GREY.png,1021,1248
121,25,Matt Flute,FT,6262,FT-6262,CHARCOAL GREY,18_MATT_FLUTE/121_FT_6262_CHARCOAL_GREY.png,455,568
122,27,Zero Matt,PM,6262,PM-6262,CHARCOAL GREY,19_ZERO_MATT/122_PM_6262_CHARCOAL_GREY.png,228,568
123,29,Premium Gloss,PG,6262,PG-6262,CHARCOAL GREY,20_PREMIUM_GLOSS/123_PG_6262_CHARCOAL_GREY.png,228,568
124,30,Polished Veneer,PV,6262,PV-6262,CHARCOAL GREY,21_POLISHED_VENEER/124_PV_6262_CHARCOAL_GREY.png,341,341
125,14,Magic Brush,MB,6263,MB-6263,VIOLET,08_MAGIC_BRUSH/125_MB_6263_VIOLET.png,1134,851
126,18,Mirror Flute,HFT,6263,HFT-6263,VIOLET,12_MIRROR_FLUTE/126_HFT_6263_VIOLET.png,454,1248
127,20,Cross Flute,AF,6263,AF-6263,VIOLET,13_CROSS_FLUTE/127_AF_6263_VIOLET.png,454,851
128,22,Shade Stone,PST,6263,PST-6263,VIOLET,15_SHADE_STONE/128_PST_6263_VIOLET.png,455,1248
129,24,Cube Series,CB,6263,CB-6263,VIOLET,17_CUBE_SERIES/129_CB_6263_VIOLET.png,454,568
130,25,Matt Flute,FT,6263,FT-6263,VIOLET,18_MATT_FLUTE/130_FT_6263_VIOLET.png,455,568
131,27,Zero Matt,PM,6263,PM-6263,VIOLET,19_ZERO_MATT/131_PM_6263_VIOLET.png,228,568
132,28,Premium Gloss,PG,6263,PG-6263,VIOLET,20_PREMIUM_GLOSS/132_PG_6263_VIOLET.png,228,568
133,30,Polished Veneer,PV,6263,PV-6263,VIOLET,21_POLISHED_VENEER/133_PV_6263_VIOLET.png,341,340
134,17,Line Series,CE,6264,CE-6264,ROYAL WHITE,11_LINE_SERIES/134_CE_6264_ROYAL_WHITE.png,454,568
135,20,Cross Flute,AF,6264,AF-6264,ROYAL WHITE,13_CROSS_FLUTE/135_AF_6264_ROYAL_WHITE.png,455,851
136,21,Double Flute,DF,6264,DF-6264,ROYAL WHITE,14_DOUBLE_FLUTE/136_DF_6264_ROYAL_WHITE.png,455,568
137,23,Shade Stone,PST,6264,PST-6264,ROYAL WHITE,15_SHADE_STONE/137_PST_6264_ROYAL_WHITE.png,455,568
138,24,Cube Series,CB,6264,CB-6264,ROYAL WHITE,17_CUBE_SERIES/138_CB_6264_ROYAL_WHITE.png,454,568
139,25,Matt Flute,FT,6264,FT-6264,ROYAL WHITE,18_MATT_FLUTE/139_FT_6264_ROYAL_WHITE.png,738,568
140,26,Zero Matt,PM,6264,PM-6264,ROYAL WHITE,19_ZERO_MATT/140_PM_6264_ROYAL_WHITE.png,228,568
141,28,Premium Gloss,PG,6264,PG-6264,ROYAL WHITE,20_PREMIUM_GLOSS/141_PG_6264_ROYAL_WHITE.png,227,568
142,30,Polished Veneer,PV,6264,PV-6264,ROYAL WHITE,21_POLISHED_VENEER/142_PV_6264_ROYAL_WHITE.png,341,340
143,16,Angular Line,AL,6265,AL-6265,SKY SOFT,10_ANGULAR_LINE/143_AL_6265_SKY_SOFT.png,454,1248
144,18,Mirror Flute,HFT,6265,HFT-6265,SKY SOFT,12_MIRROR_FLUTE/144_HFT_6265_SKY_SOFT.png,454,1248
145,21,Double Flute,DF,6265,DF-6265,SKY SOFT,14_DOUBLE_FLUTE/145_DF_6265_SKY_SOFT.png,455,568
146,26,Zero Matt,PM,6265,PM-6265,SKY SOFT,19_ZERO_MATT/146_PM_6265_SKY_SOFT.png,228,568
147,28,Premium Gloss,PG,6265,PG-6265,SKY SOFT,20_PREMIUM_GLOSS/147_PG_6265_SKY_SOFT.png,227,568
148,20,Cross Flute,AF,6266,AF-6266,URBAN BEIGE,13_CROSS_FLUTE/148_AF_6266_URBAN_BEIGE.png,455,851
149,21,Double Flute,DF,6266,DF-6266,URBAN BEIGE,14_DOUBLE_FLUTE/149_DF_6266_URBAN_BEIGE.png,455,568
150,26,Zero Matt,PM,6266,PM-6266,URBAN BEIGE,19_ZERO_MATT/150_PM_6266_URBAN_BEIGE.png,227,568
151,29,Premium Gloss,PG,6266,PG-6266,URBAN BEIGE,20_PREMIUM_GLOSS/151_PG_6266_URBAN_BEIGE.png,228,568
152,13,Wood Panels,WP,6267,WP-6267,PEATCH FUZZ,07_WOOD_PANELS/152_WP_6267_PEATCH_FUZZ.png,454,1021
153,16,Angular Line,AL,6267,AL-6267,PEATCH FUZZ,10_ANGULAR_LINE/153_AL_6267_PEATCH_FUZZ.png,454,1248
154,17,Line Series,CE,6267,CE-6267,PEATCH FUZZ,11_LINE_SERIES/154_CE_6267_PEATCH_FUZZ.png,454,568
155,18,Mirror Flute,HFT,6267,HFT-6267,PEATCH FUZZ,12_MIRROR_FLUTE/155_HFT_6267_PEATCH_FUZZ.png,455,1248
156,21,Double Flute,DF,6267,DF-6267,PEATCH FUZZ,14_DOUBLE_FLUTE/156_DF_6267_PEATCH_FUZZ.png,738,568
157,26,Zero Matt,PM,6267,PM-6267,PEATCH FUZZ,19_ZERO_MATT/157_PM_6267_PEATCH_FUZZ.png,228,568
158,29,Premium Gloss,PG,6267,PG-6267,PEATCH FUZZ,20_PREMIUM_GLOSS/158_PG_6267_PEATCH_FUZZ.png,227,568
159,26,Zero Matt,PM,6268,PM-6268,MID GREEN,19_ZERO_MATT/159_PM_6268_MID_GREEN.png,228,568
160,28,Premium Gloss,PG,6268,PG-6268,MID GREEN,20_PREMIUM_GLOSS/160_PG_6268_MID_GREEN.png,227,568
161,6,Panel Wooden,DA,6301,DA-6301,MOSCO WOOD,02_PANEL_WOODEN/161_DA_6301_MOSCO_WOOD.png,1249,1250
162,6,Panel Wooden,PM,6301,PM-6301,MOSCO WOOD,02_PANEL_WOODEN/162_PM_6301_MOSCO_WOOD.png,681,797
163,7,Panel Wooden,DA,6302,DA-6302,TOKYO NUT,02_PANEL_WOODEN/163_DA_6302_TOKYO_NUT.png,1248,1250
164,7,Panel Wooden,PM,6302,PM-6302,TOKYO NUT,02_PANEL_WOODEN/164_PM_6302_TOKYO_NUT.png,682,797
165,23,Shade Stone,PST,6251,PST-6251,SOFT SPRING,15_SHADE_STONE/165_PST_6251_SOFT_SPRING.png,455,568
