Seq,Index_Group,Index_Serial,Design_Code,Finish_Code,Product_Name,Printed_Page,PDF_Page,Category,Filename,Crop_Method
1,PRIMARY,95,1604,AF,CROSS CELESTIAL LIGHT,2,4,01_ANGLE_FLUTE,001_1604_AF_CROSS_CELESTIAL_LIGHT.jpg,dimension
2,PRIMARY,97,1605,AF,CROSS CELESTIAL DARK,4,5,01_ANGLE_FLUTE,002_1605_AF_CROSS_CELESTIAL_DARK.jpg,dimension
3,PRIMARY,84,1601,QR,SANDY MIST LIGHT,5,6,02_JUTE_COLLECTION,003_1601_QR_SANDY_MIST_LIGHT.jpg,layout
4,PRIMARY,85,1601,JT,SANDY MIST LIGHT,6,6,02_JUTE_COLLECTION,004_1601_JT_SANDY_MIST_LIGHT.jpg,dimension
5,PRIMARY,88,1602,QR,SANDY MIST LIGHT,7,7,02_JUTE_COLLECTION,005_1602_QR_SANDY_MIST_LIGHT.jpg,layout
6,PRIMARY,89,1602,JT,SANDY MIST LIGHT,8,7,02_JUTE_COLLECTION,006_1602_JT_SANDY_MIST_LIGHT.jpg,dimension
7,PRIMARY,153,1727,LA,SAHARA RED WOOD,9,8,03_PREMIUM_COLLECTION,007_1727_LA_SAHARA_RED_WOOD.jpg,dimension
8,PRIMARY,150,1726,LA,SAHARA CREAM WOOD,10,8,03_PREMIUM_COLLECTION,008_1726_LA_SAHARA_CREAM_WOOD.jpg,dimension
9,PRIMARY,107,1608,OS,SMERALDO,12,9,03_PREMIUM_COLLECTION,009_1608_OS_SMERALDO.jpg,dimension
10,PRIMARY,103,1607,PV,DARK UMBER,13,10,04_POLISHED_VENEER,010_1607_PV_DARK_UMBER.jpg,dimension
11,PRIMARY,99,1606,PV,SANDY CHROME,14,10,04_POLISHED_VENEER,011_1606_PV_SANDY_CHROME.jpg,dimension
12,PRIMARY,144,1722,JT,LIGHT JUTE,16,11,02_JUTE_COLLECTION,012_1722_JT_LIGHT_JUTE.jpg,dimension
13,PRIMARY,145,1723,JT,DARK JUTE,16,11,02_JUTE_COLLECTION,013_1723_JT_DARK_JUTE.jpg,dimension
14,ADDITIONAL,,HAC-1,_,BRIGHT PEARL,17,12,05_ACRYLIC_FLUTE,014_HAC-1_NA_BRIGHT_PEARL.jpg,layout
15,ADDITIONAL,,HAC-9,_,IRONIC GREY,17,12,05_ACRYLIC_FLUTE,015_HAC-9_NA_IRONIC_GREY.jpg,layout
16,ADDITIONAL,,HAC-8,_,ALOEVERA GREEN,17,12,05_ACRYLIC_FLUTE,016_HAC-8_NA_ALOEVERA_GREEN.jpg,layout
17,ADDITIONAL,,HAC-7,_,BLOSSOM PINK,18,12,05_ACRYLIC_FLUTE,017_HAC-7_NA_BLOSSOM_PINK.jpg,layout
18,ADDITIONAL,,HAC-11,_,DRAGON BLUE,18,12,05_ACRYLIC_FLUTE,018_HAC-11_NA_DRAGON_BLUE.jpg,layout
19,ADDITIONAL,,HAC-10,_,AIRO BLUE,18,12,05_ACRYLIC_FLUTE,019_HAC-10_NA_AIRO_BLUE.jpg,layout
20,PRIMARY,27,1549,SC,FOSSIL MARBLE,19,13,06_STONE_CRETE,020_1549_SC_FOSSIL_MARBLE.jpg,layout
21,PRIMARY,22,1548,SC,OUREA MARBLE,20,13,06_STONE_CRETE,021_1548_SC_OUREA_MARBLE.jpg,dimension
22,PRIMARY,146,1724,SM,CROSS WODD LIGHT,21,14,07_SILKY_MATT,022_1724_SM_CROSS_WODD_LIGHT.jpg,dimension
23,PRIMARY,147,1724,AF,CROSS WODD LIGHT,22,14,07_SILKY_MATT,023_1724_AF_CROSS_WODD_LIGHT.jpg,dimension
24,PRIMARY,148,1725,SM,CROSS WOOD DARK,23,15,07_SILKY_MATT,024_1725_SM_CROSS_WOOD_DARK.jpg,dimension
25,PRIMARY,149,1725,AF,CROSS WOOD DARK,24,15,07_SILKY_MATT,025_1725_AF_CROSS_WOOD_DARK.jpg,dimension
26,PRIMARY,109,1609,ZSL,VEINED SLATE GREEN,26,16,03_PREMIUM_COLLECTION,026_1609_ZSL_VEINED_SLATE_GREEN.jpg,dimension
27,PRIMARY,92,1603,ZSL,SPANISH COCO MARBLE,27,17,03_PREMIUM_COLLECTION,027_1603_ZSL_SPANISH_COCO_MARBLE.jpg,dimension
28,PRIMARY,28,1549,ZSL,FOSSIL MARBLE,28,17,03_PREMIUM_COLLECTION,028_1549_ZSL_FOSSIL_MARBLE.jpg,dimension
29,ADDITIONAL,,SSP-1,_,BRIGHT PEARL,31,19,08_ACRYLLIC_COLLECTION,029_SSP-1_NA_BRIGHT_PEARL.jpg,layout
30,ADDITIONAL,,SSP-2,_,ROSSO GREY,31,19,08_ACRYLLIC_COLLECTION,030_SSP-2_NA_ROSSO_GREY.jpg,layout
31,ADDITIONAL,,SSP-4,_,MOCCO BEIGE,31,19,08_ACRYLLIC_COLLECTION,031_SSP-4_NA_MOCCO_BEIGE.jpg,layout
32,ADDITIONAL,,SSP-5,_,WAVES BLUE,31,19,08_ACRYLLIC_COLLECTION,032_SSP-5_NA_WAVES_BLUE.jpg,layout
33,ADDITIONAL,,SSP-6,_,SHELL BEIGE,31,19,08_ACRYLLIC_COLLECTION,033_SSP-6_NA_SHELL_BEIGE.jpg,layout
34,ADDITIONAL,,SSP-7,_,BLOSSOM PINK,31,19,08_ACRYLLIC_COLLECTION,034_SSP-7_NA_BLOSSOM_PINK.jpg,layout
35,ADDITIONAL,,SSP-8,_,ALOEVERA GREEN,32,19,08_ACRYLLIC_COLLECTION,035_SSP-8_NA_ALOEVERA_GREEN.jpg,layout
36,ADDITIONAL,,SSP-9,_,IRONIC GREY,32,19,08_ACRYLLIC_COLLECTION,036_SSP-9_NA_IRONIC_GREY.jpg,layout
37,ADDITIONAL,,SSP-10,_,AIRO BLUE,32,19,08_ACRYLLIC_COLLECTION,037_SSP-10_NA_AIRO_BLUE.jpg,layout
38,ADDITIONAL,,SSP-11,_,DRAGON BLUE,32,19,08_ACRYLLIC_COLLECTION,038_SSP-11_NA_DRAGON_BLUE.jpg,layout
39,ADDITIONAL,,1104,HG,FROSTY WHITE,33,20,09_PASTEL_COLLECTION,039_1104_HG_FROSTY_WHITE.jpg,layout
40,ADDITIONAL,,1105,HG,IVORY,33,20,09_PASTEL_COLLECTION,040_1105_HG_IVORY.jpg,layout
41,ADDITIONAL,,1114,HG,CHOCOLATE,33,20,09_PASTEL_COLLECTION,041_1114_HG_CHOCOLATE.jpg,layout
42,ADDITIONAL,,1164,HG,SMOKEY BLUE,33,20,09_PASTEL_COLLECTION,042_1164_HG_SMOKEY_BLUE.jpg,layout
43,ADDITIONAL,,1165,HG,TIDAL,33,20,09_PASTEL_COLLECTION,043_1165_HG_TIDAL.jpg,layout
44,ADDITIONAL,,1166,HG,TWILIGHT GREY,33,20,09_PASTEL_COLLECTION,044_1166_HG_TWILIGHT_GREY.jpg,layout
45,ADDITIONAL,,1117,HG,SLATE GREY,33,20,09_PASTEL_COLLECTION,045_1117_HG_SLATE_GREY.jpg,layout
46,ADDITIONAL,,1167,HG,ICE BLUE,33,20,09_PASTEL_COLLECTION,046_1167_HG_ICE_BLUE.jpg,layout
47,ADDITIONAL,,1168,HG,BABY PINK,33,20,09_PASTEL_COLLECTION,047_1168_HG_BABY_PINK.jpg,layout
48,ADDITIONAL,,1169,HG,BABY GREEN,34,20,09_PASTEL_COLLECTION,048_1169_HG_BABY_GREEN.jpg,layout
49,ADDITIONAL,,1170,HG,ALOVERA GREEN,34,20,09_PASTEL_COLLECTION,049_1170_HG_ALOVERA_GREEN.jpg,layout
50,ADDITIONAL,,1171,HG,ASH GREY,34,20,09_PASTEL_COLLECTION,050_1171_HG_ASH_GREY.jpg,layout
51,ADDITIONAL,,1172,HG,ROCKY BLUE,34,20,09_PASTEL_COLLECTION,051_1172_HG_ROCKY_BLUE.jpg,layout
52,ADDITIONAL,,1173,HG,ADROIT BLUE,34,20,09_PASTEL_COLLECTION,052_1173_HG_ADROIT_BLUE.jpg,layout
53,ADDITIONAL,,1118,HG,GOTHIC GREY,34,20,09_PASTEL_COLLECTION,053_1118_HG_GOTHIC_GREY.jpg,layout
54,ADDITIONAL,,1174,HG,AIROIT BLUE,34,20,09_PASTEL_COLLECTION,054_1174_HG_AIROIT_BLUE.jpg,layout
55,ADDITIONAL,,1175,HG,PINK PUFF,34,20,09_PASTEL_COLLECTION,055_1175_HG_PINK_PUFF.jpg,layout
56,ADDITIONAL,,1176,HG,BABY PEACH,34,20,09_PASTEL_COLLECTION,056_1176_HG_BABY_PEACH.jpg,layout
57,ADDITIONAL,,1104,VF,FROSTY WHITE,35,21,09_PASTEL_COLLECTION,057_1104_VF_FROSTY_WHITE.jpg,layout
58,ADDITIONAL,,1105,VF,IVORY,35,21,09_PASTEL_COLLECTION,058_1105_VF_IVORY.jpg,layout
59,ADDITIONAL,,1114,VF,CHOCOLATE,35,21,09_PASTEL_COLLECTION,059_1114_VF_CHOCOLATE.jpg,layout
60,ADDITIONAL,,1164,VF,SMOKEY BLUE,35,21,09_PASTEL_COLLECTION,060_1164_VF_SMOKEY_BLUE.jpg,layout
61,ADDITIONAL,,1165,VF,TIDAL,35,21,09_PASTEL_COLLECTION,061_1165_VF_TIDAL.jpg,layout
62,ADDITIONAL,,1173,VF,ADROIT BLUE,35,21,09_PASTEL_COLLECTION,062_1173_VF_ADROIT_BLUE.jpg,layout
63,ADDITIONAL,,1166,VF,TWILIGHT GREY,35,21,09_PASTEL_COLLECTION,063_1166_VF_TWILIGHT_GREY.jpg,layout
64,ADDITIONAL,,1117,VF,SLATE GREY,35,21,09_PASTEL_COLLECTION,064_1117_VF_SLATE_GREY.jpg,layout
65,ADDITIONAL,,1167,VF,ICE BLUE,35,21,09_PASTEL_COLLECTION,065_1167_VF_ICE_BLUE.jpg,layout
66,ADDITIONAL,,1168,VF,BABY PINK,35,21,09_PASTEL_COLLECTION,066_1168_VF_BABY_PINK.jpg,layout
67,ADDITIONAL,,1169,VF,BABY GREEN,36,21,09_PASTEL_COLLECTION,067_1169_VF_BABY_GREEN.jpg,layout
68,ADDITIONAL,,1170,VF,ALOVERA GREEN,36,21,09_PASTEL_COLLECTION,068_1170_VF_ALOVERA_GREEN.jpg,layout
69,ADDITIONAL,,1171,VF,ASH GREY,36,21,09_PASTEL_COLLECTION,069_1171_VF_ASH_GREY.jpg,layout
70,ADDITIONAL,,1172,VF,ROCKY BLUE,36,21,09_PASTEL_COLLECTION,070_1172_VF_ROCKY_BLUE.jpg,layout
71,ADDITIONAL,,1118,VF,GOTHIC GREY,36,21,09_PASTEL_COLLECTION,071_1118_VF_GOTHIC_GREY.jpg,layout
72,ADDITIONAL,,1174,VF,AIROIT BLUE,36,21,09_PASTEL_COLLECTION,072_1174_VF_AIROIT_BLUE.jpg,layout
73,ADDITIONAL,,1175,VF,PINK PUFF,36,21,09_PASTEL_COLLECTION,073_1175_VF_PINK_PUFF.jpg,layout
74,ADDITIONAL,,1176,VF,BABY PEACH,36,21,09_PASTEL_COLLECTION,074_1176_VF_BABY_PEACH.jpg,layout
75,ADDITIONAL,,1173,BM,ADROIT BLUE,37,22,10_BAMBOO_FLUTE,075_1173_BM_ADROIT_BLUE.jpg,layout
76,ADDITIONAL,,1172,BM,ROCKY BLUE,37,22,10_BAMBOO_FLUTE,076_1172_BM_ROCKY_BLUE.jpg,layout
77,ADDITIONAL,,1118,BM,GOTHIC GREY,37,22,10_BAMBOO_FLUTE,077_1118_BM_GOTHIC_GREY.jpg,layout
78,ADDITIONAL,,1171,BM,ASH GREY,37,22,10_BAMBOO_FLUTE,078_1171_BM_ASH_GREY.jpg,layout
79,ADDITIONAL,,1104,FT,FROSTY WHITE,38,22,11_FLUTE_COLLECTION,079_1104_FT_FROSTY_WHITE.jpg,layout
80,ADDITIONAL,,1164,FT,SMOKEY BLUE,38,22,11_FLUTE_COLLECTION,080_1164_FT_SMOKEY_BLUE.jpg,layout
81,ADDITIONAL,,1166,FT,TWILIGHT GREY,38,22,11_FLUTE_COLLECTION,081_1166_FT_TWILIGHT_GREY.jpg,layout
82,ADDITIONAL,,1170,JT,ALOVERA GREEN,39,23,02_JUTE_COLLECTION,082_1170_JT_ALOVERA_GREEN.jpg,layout
83,ADDITIONAL,,1104,JT,FROSTY WHITE,39,23,02_JUTE_COLLECTION,083_1104_JT_FROSTY_WHITE.jpg,layout
84,ADDITIONAL,,1118,JT,GOTHIC GREY,40,23,02_JUTE_COLLECTION,084_1118_JT_GOTHIC_GREY.jpg,layout
85,ADDITIONAL,,1165,JT,TIDAL SAND,40,23,02_JUTE_COLLECTION,085_1165_JT_TIDAL_SAND.jpg,layout
86,ADDITIONAL,,1104,SPK,FROSTY WHITE,41,24,12_SPARKLE_COLLECTION,086_1104_SPK_FROSTY_WHITE.jpg,layout
87,ADDITIONAL,,1151,SPK,BLACK,41,24,12_SPARKLE_COLLECTION,087_1151_SPK_BLACK.jpg,layout
88,ADDITIONAL,,1115,SPK,DARK GREY,41,24,12_SPARKLE_COLLECTION,088_1115_SPK_DARK_GREY.jpg,layout
89,ADDITIONAL,,1121,SPK,PURPLE,41,24,12_SPARKLE_COLLECTION,089_1121_SPK_PURPLE.jpg,layout
90,ADDITIONAL,,1125,SPK,PINK,41,24,12_SPARKLE_COLLECTION,090_1125_SPK_PINK.jpg,layout
91,ADDITIONAL,,1131,SPK,RED,41,24,12_SPARKLE_COLLECTION,091_1131_SPK_RED.jpg,layout
92,ADDITIONAL,,1117,CN,SLATE GREY,42,24,13_CHIFFON_COLLECTION,092_1117_CN_SLATE_GREY.jpg,layout
93,ADDITIONAL,,1104,CN,FROSTY WHITE,42,24,13_CHIFFON_COLLECTION,093_1104_CN_FROSTY_WHITE.jpg,layout
94,ADDITIONAL,,1101,CC,SUPER WHITE,42,24,14_COLOUR_CORE,094_1101_CC_SUPER_WHITE.jpg,layout
95,ADDITIONAL,,1103,CC,OFF WHITE,42,24,14_COLOUR_CORE,095_1103_CC_OFF_WHITE.jpg,layout
96,ADDITIONAL,,1115,CC,DARK GREY,42,24,14_COLOUR_CORE,096_1115_CC_DARK_GREY.jpg,layout
97,ADDITIONAL,,1125,CC,PINK,42,24,14_COLOUR_CORE,097_1125_CC_PINK.jpg,layout
98,ADDITIONAL,,1131,CC,RED,42,24,14_COLOUR_CORE,098_1131_CC_RED.jpg,layout
99,ADDITIONAL,,1121,CC,PURPLE,42,24,14_COLOUR_CORE,099_1121_CC_PURPLE.jpg,layout
100,ADDITIONAL,,1116,HG,LIGHT GREY,43,25,15_SOLID_HIGH_GLOSS,100_1116_HG_LIGHT_GREY.jpg,layout
101,ADDITIONAL,,1142,HG,ORANGE,43,25,15_SOLID_HIGH_GLOSS,101_1142_HG_ORANGE.jpg,layout
102,ADDITIONAL,,1101,HG,SUPER WHITE,43,25,15_SOLID_HIGH_GLOSS,102_1101_HG_SUPER_WHITE.jpg,layout
103,ADDITIONAL,,1115,HG,DARK GREY,43,25,15_SOLID_HIGH_GLOSS,103_1115_HG_DARK_GREY.jpg,layout
104,ADDITIONAL,,1130,HG,MAROON,43,25,15_SOLID_HIGH_GLOSS,104_1130_HG_MAROON.jpg,layout
105,ADDITIONAL,,1102,HG,NATURAL WHITE,43,25,15_SOLID_HIGH_GLOSS,105_1102_HG_NATURAL_WHITE.jpg,layout
106,ADDITIONAL,,1103,HG,OFF WHITE,43,25,15_SOLID_HIGH_GLOSS,106_1103_HG_OFF_WHITE.jpg,layout
107,ADDITIONAL,,1151,HG,BLACK,43,25,15_SOLID_HIGH_GLOSS,107_1151_HG_BLACK.jpg,layout
108,ADDITIONAL,,1131,HG,RED,43,25,15_SOLID_HIGH_GLOSS,108_1131_HG_RED.jpg,layout
109,ADDITIONAL,,1162,HG,PEACOCK GREEN,44,25,15_SOLID_HIGH_GLOSS,109_1162_HG_PEACOCK_GREEN.jpg,layout
110,ADDITIONAL,,1121,HG,PURPLE,44,25,15_SOLID_HIGH_GLOSS,110_1121_HG_PURPLE.jpg,layout
111,ADDITIONAL,,1125,HG,PINK,44,25,15_SOLID_HIGH_GLOSS,111_1125_HG_PINK.jpg,layout
112,ADDITIONAL,,1146,HG,LIME YELLOW,44,25,15_SOLID_HIGH_GLOSS,112_1146_HG_LIME_YELLOW.jpg,layout
113,ADDITIONAL,,1160,HG,PARROT GREEN,44,25,15_SOLID_HIGH_GLOSS,113_1160_HG_PARROT_GREEN.jpg,layout
114,ADDITIONAL,,1134,HG,BLUE,44,25,15_SOLID_HIGH_GLOSS,114_1134_HG_BLUE.jpg,layout
115,ADDITIONAL,,1145,HG,YELLOW,44,25,15_SOLID_HIGH_GLOSS,115_1145_HG_YELLOW.jpg,layout
116,ADDITIONAL,,1111,HG,BROWN,44,25,15_SOLID_HIGH_GLOSS,116_1111_HG_BROWN.jpg,layout
117,ADDITIONAL,,1161,HG,GREEN,44,25,15_SOLID_HIGH_GLOSS,117_1161_HG_GREEN.jpg,layout
118,ADDITIONAL,,1135,HG,SKY BLUE,44,25,15_SOLID_HIGH_GLOSS,118_1135_HG_SKY_BLUE.jpg,layout
119,PRIMARY,81,1600,OS,WHITE GOLDEN PEARL,45,26,16_PREMIUM_MARBLE_COLLECTION,119_1600_OS_WHITE_GOLDEN_PEARL.jpg,dimension
120,PRIMARY,104,1607,OS,DARK UMBER,46,26,16_PREMIUM_MARBLE_COLLECTION,120_1607_OS_DARK_UMBER.jpg,dimension
121,PRIMARY,16,1547,OS,TANGLE SMOKE,47,27,16_PREMIUM_MARBLE_COLLECTION,121_1547_OS_TANGLE_SMOKE.jpg,layout
122,PRIMARY,100,1606,OS,SANDY CHROME,48,27,16_PREMIUM_MARBLE_COLLECTION,122_1606_OS_SANDY_CHROME.jpg,dimension
123,PRIMARY,59,1579,LA,VINTAGE OAK DARK,49,28,17_ZERO_WOOD_COLLECTION,123_1579_LA_VINTAGE_OAK_DARK.jpg,dimension
124,PRIMARY,75,1597,LA,BELGIUM OAK MEDIUM,49,28,17_ZERO_WOOD_COLLECTION,124_1597_LA_BELGIUM_OAK_MEDIUM.jpg,dimension
125,PRIMARY,161,1729,LA,SIGNET RED,50,28,17_ZERO_WOOD_COLLECTION,125_1729_LA_SIGNET_RED.jpg,dimension
126,PRIMARY,119,1711,WF,TIGER TEAK,51,29,18_WOOD_FINISH,126_1711_WF_TIGER_TEAK.jpg,dimension
127,PRIMARY,123,1712,WF,BURK NATURAL,52,29,18_WOOD_FINISH,127_1712_WF_BURK_NATURAL.jpg,dimension
128,PRIMARY,134,1717,WF,CHARCOAL ASH,53,30,18_WOOD_FINISH,128_1717_WF_CHARCOAL_ASH.jpg,dimension
129,PRIMARY,131,1716,WF,MONO ASH,53,30,18_WOOD_FINISH,129_1716_WF_MONO_ASH.jpg,dimension
130,PRIMARY,76,1597,WF,BELGIUM OAK MEDIUM,54,30,18_WOOD_FINISH,130_1597_WF_BELGIUM_OAK_MEDIUM.jpg,dimension
131,PRIMARY,60,1579,WF,VINTAGE OAK DARK,54,30,18_WOOD_FINISH,131_1579_WF_VINTAGE_OAK_DARK.jpg,dimension
132,PRIMARY,132,1716,ZL,MONO ASH,56,31,19_ZERO_LINES,132_1716_ZL_MONO_ASH.jpg,dimension
133,PRIMARY,137,1718,ZL,OLIVE ASH,58,32,19_ZERO_LINES,133_1718_ZL_OLIVE_ASH.jpg,dimension
134,PRIMARY,135,1717,ZL,CHARCOAL ASH,60,33,19_ZERO_LINES,134_1717_ZL_CHARCOAL_ASH.jpg,dimension
135,PRIMARY,128,1713,ZL,TOKYO PINE,61,34,19_ZERO_LINES,135_1713_ZL_TOKYO_PINE.jpg,dimension
136,PRIMARY,45,1572,ZL,FERRO WOOD DARK,61,34,19_ZERO_LINES,136_1572_ZL_FERRO_WOOD_DARK.jpg,dimension
137,PRIMARY,14,1546,CT,COSTA ROCK,62,34,20_CONCRETE_COLLECTION,137_1546_CT_COSTA_ROCK.jpg,dimension
138,PRIMARY,151,1726,PV,SAHARA CREAM WOOD,63,35,04_POLISHED_VENEER,138_1726_PV_SAHARA_CREAM_WOOD.jpg,dimension
139,PRIMARY,154,1727,PV,SAHARA RED WOOD,63,35,04_POLISHED_VENEER,139_1727_PV_SAHARA_RED_WOOD.jpg,dimension
140,PRIMARY,1,1103,PV,OFF WHITE,64,35,04_POLISHED_VENEER,140_1103_PV_OFF_WHITE.jpg,layout
141,PRIMARY,157,1728,PV,AVOISE OAK,64,35,04_POLISHED_VENEER,141_1728_PV_AVOISE_OAK.jpg,layout
142,PRIMARY,77,1597,PV,BELGIUM OAK MEDIUM,65,36,04_POLISHED_VENEER,142_1597_PV_BELGIUM_OAK_MEDIUM.jpg,dimension
143,PRIMARY,66,1590,PV,NATURAL SATEEN WOOD,65,36,04_POLISHED_VENEER,143_1590_PV_NATURAL_SATEEN_WOOD.jpg,dimension
144,PRIMARY,46,1572,PV,FERRO WOOD DARK,66,36,04_POLISHED_VENEER,144_1572_PV_FERRO_WOOD_DARK.jpg,dimension
145,PRIMARY,7,1321,PV,IRISH BROWN,66,36,04_POLISHED_VENEER,145_1321_PV_IRISH_BROWN.jpg,dimension
146,PRIMARY,12,1544,CT,ARKOS SAND DARK,67,37,20_CONCRETE_COLLECTION,146_1544_CT_ARKOS_SAND_DARK.jpg,dimension
147,PRIMARY,13,1545,CT,ARKOS SAND LIGHT,67,37,20_CONCRETE_COLLECTION,147_1545_CT_ARKOS_SAND_LIGHT.jpg,dimension
148,PRIMARY,29,1549,CT,FOSSIL MARBLE,68,37,20_CONCRETE_COLLECTION,148_1549_CT_FOSSIL_MARBLE.jpg,layout
149,PRIMARY,124,1712,ZR,BURK NATURAL,69,38,21_ZERO_WOOD,149_1712_ZR_BURK_NATURAL.jpg,layout
150,PRIMARY,120,1711,ZR,TIGER TEAK,70,38,21_ZERO_WOOD,150_1711_ZR_TIGER_TEAK.jpg,layout
151,PRIMARY,141,1721,ZR,CLASSIC CEDAR DARK,71,39,21_ZERO_WOOD,151_1721_ZR_CLASSIC_CEDAR_DARK.jpg,layout
152,PRIMARY,140,1720,ZR,CLASSIC CEDAR LIGHT,72,39,21_ZERO_WOOD,152_1720_ZR_CLASSIC_CEDAR_LIGHT.jpg,dimension
153,PRIMARY,129,1714,ZR,HONEY GREY,72,39,21_ZERO_WOOD,153_1714_ZR_HONEY_GREY.jpg,dimension
154,PRIMARY,17,1547,HF,TANGLE SMOKE,73,40,22_ACRYFLUTE_COLLECTION,154_1547_HF_TANGLE_SMOKE.jpg,dimension
155,PRIMARY,30,1549,HF,FOSSILE MARBLE,73,40,22_ACRYFLUTE_COLLECTION,155_1549_HF_FOSSILE_MARBLE.jpg,dimension
156,PRIMARY,23,1548,HF,OUREA MARBLE,74,40,22_ACRYFLUTE_COLLECTION,156_1548_HF_OUREA_MARBLE.jpg,layout
157,PRIMARY,18,1547,SC,TANGLE SMOKE,75,41,23_POLISHED_STONE,157_1547_SC_TANGLE_SMOKE.jpg,dimension
158,PRIMARY,34,1550,SC,VALLY STONE,75,41,23_POLISHED_STONE,158_1550_SC_VALLY_STONE.jpg,dimension
159,PRIMARY,52,1576,SC,TRENTA STONE,76,41,23_POLISHED_STONE,159_1576_SC_TRENTA_STONE.jpg,dimension
160,PRIMARY,82,1600,HG,WHITE GOLDEN PEARL,78,42,24_HIGH_GLOSS,160_1600_HG_WHITE_GOLDEN_PEARL.jpg,dimension
161,PRIMARY,101,1606,HG,SANDY CHROME,79,43,24_HIGH_GLOSS,161_1606_HG_SANDY_CHROME.jpg,dimension
162,PRIMARY,105,1607,HG,DARK UMBER,79,43,24_HIGH_GLOSS,162_1607_HG_DARK_UMBER.jpg,dimension
163,PRIMARY,108,1608,HG,SMERALDO,80,43,24_HIGH_GLOSS,163_1608_HG_SMERALDO.jpg,dimension
164,PRIMARY,110,1609,HG,VEINED SLATE GREEN,81,44,24_HIGH_GLOSS,164_1609_HG_VEINED_SLATE_GREEN.jpg,dimension
165,PRIMARY,86,1601,HG,SANDY MIST LIGHT,82,44,24_HIGH_GLOSS,165_1601_HG_SANDY_MIST_LIGHT.jpg,dimension
166,PRIMARY,90,1602,HG,SANDY MIST DARK,82,44,24_HIGH_GLOSS,166_1602_HG_SANDY_MIST_DARK.jpg,dimension
167,PRIMARY,98,1605,HG,CROSS CELESTIAL DARK,83,45,24_HIGH_GLOSS,167_1605_HG_CROSS_CELESTIAL_DARK.jpg,dimension
168,PRIMARY,96,1604,HG,CROSS CELESTIAL LIGHT,83,45,24_HIGH_GLOSS,168_1604_HG_CROSS_CELESTIAL_LIGHT.jpg,dimension
169,PRIMARY,19,1547,HG,TANGLE SMOKE,84,45,24_HIGH_GLOSS,169_1547_HG_TANGLE_SMOKE.jpg,dimension
170,PRIMARY,55,1577,HG,FRENCH MARBLE,84,45,24_HIGH_GLOSS,170_1577_HG_FRENCH_MARBLE.jpg,dimension
171,PRIMARY,53,1576,HG,TRENTA STONE,85,46,24_HIGH_GLOSS,171_1576_HG_TRENTA_STONE.jpg,dimension
172,PRIMARY,35,1550,HG,VALLY STONE,85,46,24_HIGH_GLOSS,172_1550_HG_VALLY_STONE.jpg,dimension
173,PRIMARY,31,1549,HG,FOSSIL MARBLE,86,46,24_HIGH_GLOSS,173_1549_HG_FOSSIL_MARBLE.jpg,dimension
174,PRIMARY,24,1548,HG,OUREA MARBLE,86,46,24_HIGH_GLOSS,174_1548_HG_OUREA_MARBLE.jpg,dimension
175,PRIMARY,162,1729,HG,SIGNET RED,88,47,24_HIGH_GLOSS,175_1729_HG_SIGNET_RED.jpg,dimension
176,PRIMARY,155,1727,HG,SAHARA RED WOOD,89,48,24_HIGH_GLOSS,176_1727_HG_SAHARA_RED_WOOD.jpg,dimension
177,PRIMARY,152,1726,HG,SAHARA CREAM WOOD,90,48,24_HIGH_GLOSS,177_1726_HG_SAHARA_CREAM_WOOD.jpg,dimension
178,PRIMARY,158,1728,HG,AVOISE OAK,90,48,24_HIGH_GLOSS,178_1728_HG_AVOISE_OAK.jpg,dimension
179,PRIMARY,67,1590,HG,NATURAL SATEEN WOOD,91,49,24_HIGH_GLOSS,179_1590_HG_NATURAL_SATEEN_WOOD.jpg,dimension
180,PRIMARY,125,1712,HG,BURK NATURAL,91,49,24_HIGH_GLOSS,180_1712_HG_BURK_NATURAL.jpg,dimension
181,PRIMARY,69,1591,HG,GHANA TEAK,92,49,24_HIGH_GLOSS,181_1591_HG_GHANA_TEAK.jpg,dimension
182,PRIMARY,112,1705,HG,WILD WILLOW DARK,92,49,24_HIGH_GLOSS,182_1705_HG_WILD_WILLOW_DARK.jpg,dimension
183,PRIMARY,78,1597,HG,BELGIUM OAK MEDIUM,93,50,24_HIGH_GLOSS,183_1597_HG_BELGIUM_OAK_MEDIUM.jpg,dimension
184,PRIMARY,43,1555,HG,BELGIUM TEAK DARK,93,50,24_HIGH_GLOSS,184_1555_HG_BELGIUM_TEAK_DARK.jpg,dimension
185,PRIMARY,164,1902,HG,SALIENT WOOD,94,50,24_HIGH_GLOSS,185_1902_HG_SALIENT_WOOD.jpg,layout
186,PRIMARY,42,1554,HG,BELGIUM TEAK LIGHT,94,50,24_HIGH_GLOSS,186_1554_HG_BELGIUM_TEAK_LIGHT.jpg,layout
187,PRIMARY,118,1708,HG,BENGALI WOOD LIGHT,94,50,24_HIGH_GLOSS,187_1708_HG_BENGALI_WOOD_LIGHT.jpg,layout
188,PRIMARY,93,1603,PS,SPANISH COCO MARBLE,95,51,23_POLISHED_STONE,188_1603_PS_SPANISH_COCO_MARBLE.jpg,dimension
189,PRIMARY,94,1603,HG,SPANISH COCO MARBLE,96,51,23_POLISHED_STONE,189_1603_HG_SPANISH_COCO_MARBLE.jpg,dimension
190,PRIMARY,54,1576,PS,TRENTA STONE,97,52,23_POLISHED_STONE,190_1576_PS_TRENTA_STONE.jpg,dimension
191,PRIMARY,56,1577,PS,FRENCH MARBLE,97,52,23_POLISHED_STONE,191_1577_PS_FRENCH_MARBLE.jpg,dimension
192,PRIMARY,5,1104,PS,FROSTY WHITE,98,52,23_POLISHED_STONE,192_1104_PS_FROSTY_WHITE.jpg,layout
193,PRIMARY,32,1549,PS,FOSSIL MARBLE,98,52,23_POLISHED_STONE,193_1549_PS_FOSSIL_MARBLE.jpg,layout
194,PRIMARY,159,1728,VO,FOSSIL MARBLE,99,53,25_VERTICAL_OAK,194_1728_VO_FOSSIL_MARBLE.jpg,dimension
195,PRIMARY,47,1572,VO,FERRO WOOD DARK,100,53,25_VERTICAL_OAK,195_1572_VO_FERRO_WOOD_DARK.jpg,dimension
196,PRIMARY,142,1721,VO,CLASSIC CEDAR DARK,100,53,25_VERTICAL_OAK,196_1721_VO_CLASSIC_CEDAR_DARK.jpg,dimension
197,PRIMARY,121,1711,VO,TIGER TEAK,101,54,25_VERTICAL_OAK,197_1711_VO_TIGER_TEAK.jpg,dimension
198,PRIMARY,116,1707,VO,BENGALI WOOD DARK,101,54,25_VERTICAL_OAK,198_1707_VO_BENGALI_WOOD_DARK.jpg,dimension
199,PRIMARY,136,1717,VO,CHARCOAL ASH,102,54,25_VERTICAL_OAK,199_1717_VO_CHARCOAL_ASH.jpg,dimension
200,PRIMARY,163,1729,VO,SIGNET RED,102,54,25_VERTICAL_OAK,200_1729_VO_SIGNET_RED.jpg,dimension
201,PRIMARY,33,1549,LL,FOSSIL MARBLE,103,55,26_LAND_STONE,201_1549_LL_FOSSIL_MARBLE.jpg,dimension
202,PRIMARY,25,1548,LL,OUREA MARBLE,103,55,26_LAND_STONE,202_1548_LL_OUREA_MARBLE.jpg,dimension
203,PRIMARY,169,1991,HC,GHANA TEAK,104,55,27_HORIZONTAL_CHANNEL,203_1991_HC_GHANA_TEAK.jpg,dimension
204,PRIMARY,166,1914,HC,PASHMINA WOOD,104,55,27_HORIZONTAL_CHANNEL,204_1914_HC_PASHMINA_WOOD.jpg,dimension
205,PRIMARY,113,1705,RW,WILD WILLOW DARK,105,56,28_REVERSE_WOOD,205_1705_RW_WILD_WILLOW_DARK.jpg,dimension
206,PRIMARY,70,1591,RW,GHANA TEAK,105,56,28_REVERSE_WOOD,206_1591_RW_GHANA_TEAK.jpg,dimension
207,PRIMARY,133,1716,RW,MONO ASH,106,56,28_REVERSE_WOOD,207_1716_RW_MONO_ASH.jpg,dimension
208,PRIMARY,79,1597,RW,BELGIUM OAK MEDIUM,106,56,28_REVERSE_WOOD,208_1597_RW_BELGIUM_OAK_MEDIUM.jpg,dimension
209,PRIMARY,71,1591,NW,GHANA TEAK,107,57,29_NATURAL_WOOD,209_1591_NW_GHANA_TEAK.jpg,dimension
210,PRIMARY,126,1712,NW,BURK NATURAL,107,57,29_NATURAL_WOOD,210_1712_NW_BURK_NATURAL.jpg,dimension
211,PRIMARY,2,1103,NW,OFF WHITE,108,57,29_NATURAL_WOOD,211_1103_NW_OFF_WHITE.jpg,layout
212,PRIMARY,48,1572,NW,FERRO WOOD DARK,108,57,29_NATURAL_WOOD,212_1572_NW_FERRO_WOOD_DARK.jpg,layout
213,PRIMARY,20,1547,STN,TANGLE SMOKE,109,58,30_GRAVE_STONE,213_1547_STN_TANGLE_SMOKE.jpg,dimension
214,PRIMARY,36,1550,STN,VALLY STONE,110,58,30_GRAVE_STONE,214_1550_STN_VALLY_STONE.jpg,dimension
215,PRIMARY,15,1546,STN,COSTA ROCK,110,58,30_GRAVE_STONE,215_1546_STN_COSTA_ROCK.jpg,dimension
216,PRIMARY,9,1326,HW,AFRICAN WOOD,111,59,31_HORIZONTAL_WOOD,216_1326_HW_AFRICAN_WOOD.jpg,dimension
217,PRIMARY,130,1714,HW,HONEY GREY,111,59,31_HORIZONTAL_WOOD,217_1714_HW_HONEY_GREY.jpg,dimension
218,PRIMARY,122,1711,HW,TIGER TEAK,112,59,31_HORIZONTAL_WOOD,218_1711_HW_TIGER_TEAK.jpg,dimension
219,PRIMARY,138,1718,HW,OLIVE ASH,112,59,31_HORIZONTAL_WOOD,219_1718_HW_OLIVE_ASH.jpg,dimension
220,PRIMARY,21,1547,SM,TANGLE SMOKE,113,60,07_SILKY_MATT,220_1547_SM_TANGLE_SMOKE.jpg,layout
221,PRIMARY,26,1548,SM,OUREA MARBLE,113,60,07_SILKY_MATT,221_1548_SM_OUREA_MARBLE.jpg,dimension
222,PRIMARY,37,1550,SM,VALLY STONE,113,60,07_SILKY_MATT,222_1550_SM_VALLY_STONE.jpg,dimension
223,PRIMARY,87,1601,SM,SANDY MIST LIGHT,114,60,07_SILKY_MATT,223_1601_SM_SANDY_MIST_LIGHT.jpg,layout
224,PRIMARY,91,1602,SM,SANDY MIST DARK,114,60,07_SILKY_MATT,224_1602_SM_SANDY_MIST_DARK.jpg,dimension
225,PRIMARY,83,1600,SM,WHITE GOLDEN PEARL,114,60,07_SILKY_MATT,225_1600_SM_WHITE_GOLDEN_PEARL.jpg,dimension
226,PRIMARY,106,1607,SM,DARK UMBER,115,61,07_SILKY_MATT,226_1607_SM_DARK_UMBER.jpg,dimension
227,PRIMARY,102,1606,SM,SANDY CHROME,115,61,07_SILKY_MATT,227_1606_SM_SANDY_CHROME.jpg,dimension
228,PRIMARY,156,1727,SM,SAHARA RED WOOD,116,61,07_SILKY_MATT,228_1727_SM_SAHARA_RED_WOOD.jpg,dimension
229,PRIMARY,72,1591,SM,GHANA TEAK,116,61,07_SILKY_MATT,229_1591_SM_GHANA_TEAK.jpg,dimension
230,PRIMARY,143,1721,SM,CLASSIC CEDAR DARK,117,62,07_SILKY_MATT,230_1721_SM_CLASSIC_CEDAR_DARK.jpg,dimension
231,PRIMARY,139,1718,SM,OLIVE ASH,117,62,07_SILKY_MATT,231_1718_SM_OLIVE_ASH.jpg,dimension
232,PRIMARY,160,1728,SM,AVOISE OAK,118,62,07_SILKY_MATT,232_1728_SM_AVOISE_OAK.jpg,dimension
233,PRIMARY,127,1712,SM,BURK NATURAL,118,62,07_SILKY_MATT,233_1712_SM_BURK_NATURAL.jpg,dimension
234,PRIMARY,68,1590,SM,NATURAL SATEEN WOOD,119,63,07_SILKY_MATT,234_1590_SM_NATURAL_SATEEN_WOOD.jpg,layout
235,PRIMARY,117,1707,SM,BENGALI WOOD DARK,119,63,07_SILKY_MATT,235_1707_SM_BENGALI_WOOD_DARK.jpg,layout
236,PRIMARY,51,1574,VR,KRONBERG WOOD DARK,119,63,33_KRONBERG_WOOD,236_1574_VR_KRONBERG_WOOD_DARK.jpg,layout
237,PRIMARY,50,1573,VR,KRONBERG WOOD LIGHT,119,63,33_KRONBERG_WOOD,237_1573_VR_KRONBERG_WOOD_LIGHT.jpg,layout
238,PRIMARY,38,1551,SW,SUDAN TEAK MEDIUM,120,63,32_SALIENT_WOOD,238_1551_SW_SUDAN_TEAK_MEDIUM.jpg,dimension
239,PRIMARY,61,1579,SW,VINTAGE OAK DARK,120,63,32_SALIENT_WOOD,239_1579_SW_VINTAGE_OAK_DARK.jpg,dimension
240,PRIMARY,62,1579,SV,VINTAGE OAK DARK,121,64,34_SHINY_VENZA,240_1579_SV_VINTAGE_OAK_DARK.jpg,layout
241,PRIMARY,6,1308,SV,RIVERA OAK LIGHT,121,64,34_SHINY_VENZA,241_1308_SV_RIVERA_OAK_LIGHT.jpg,dimension
242,PRIMARY,114,1705,SV,WILD WILLOW DARK,121,64,34_SHINY_VENZA,242_1705_SV_WILD_WILLOW_DARK.jpg,dimension
243,PRIMARY,63,1579,CL,VINTAGE OAK DARK,122,64,35_CRACK_LINE,243_1579_CL_VINTAGE_OAK_DARK.jpg,layout
244,PRIMARY,3,1103,CL,OFF WHITE,122,64,35_CRACK_LINE,244_1103_CL_OFF_WHITE.jpg,dimension
245,PRIMARY,44,1557,CL,CRACK WOOD,122,64,35_CRACK_LINE,245_1557_CL_CRACK_WOOD.jpg,dimension
246,PRIMARY,8,1321,VC,IRISH BROWN,123,65,36_VERTICAL_CHANNEL,246_1321_VC_IRISH_BROWN.jpg,dimension
247,PRIMARY,57,1578,VC,VINTAGE OAK LIGHT,123,65,36_VERTICAL_CHANNEL,247_1578_VC_VINTAGE_OAK_LIGHT.jpg,dimension
248,PRIMARY,64,1579,VC,VINTAGE OAK DARK,123,65,36_VERTICAL_CHANNEL,248_1579_VC_VINTAGE_OAK_DARK.jpg,dimension
249,PRIMARY,73,1591,HO,GHANA TEAK,124,65,37_HORIZONTAL_OAK,249_1591_HO_GHANA_TEAK.jpg,dimension
250,PRIMARY,168,1990,HO,NATURAL SATEEN WOOD,124,65,37_HORIZONTAL_OAK,250_1990_HO_NATURAL_SATEEN_WOOD.jpg,dimension
251,PRIMARY,167,1957,HO,CRACK WOOD,124,65,37_HORIZONTAL_OAK,251_1957_HO_CRACK_WOOD.jpg,dimension
252,PRIMARY,4,1103,CP,OFF WHITE,125,66,38_CHECK_POLISHED,252_1103_CP_OFF_WHITE.jpg,layout
253,PRIMARY,10,1506,CP,HIGHLAND PINE RED,125,66,38_CHECK_POLISHED,253_1506_CP_HIGHLAND_PINE_RED.jpg,dimension
254,PRIMARY,11,1513,CP,BARK WOOD,125,66,38_CHECK_POLISHED,254_1513_CP_BARK_WOOD.jpg,dimension
255,PRIMARY,58,1578,SF,VINTAGE OAK LIGHT,127,67,39_SUEDE_FINISH,255_1578_SF_VINTAGE_OAK_LIGHT.jpg,layout
256,PRIMARY,74,1591,SF,GHANA TEAK,127,67,39_SUEDE_FINISH,256_1591_SF_GHANA_TEAK.jpg,dimension
257,PRIMARY,65,1579,SF,VINTAGE OAK DARK,127,67,39_SUEDE_FINISH,257_1579_SF_VINTAGE_OAK_DARK.jpg,dimension
258,PRIMARY,115,1705,SF,WILD WILLOW DARK,128,67,39_SUEDE_FINISH,258_1705_SF_WILD_WILLOW_DARK.jpg,layout
259,PRIMARY,49,1572,SF,FERRO WOOD DARK,128,67,39_SUEDE_FINISH,259_1572_SF_FERRO_WOOD_DARK.jpg,layout
260,PRIMARY,80,1597,SF,BELGIUM OAK MEDIUM,128,67,39_SUEDE_FINISH,260_1597_SF_BELGIUM_OAK_MEDIUM.jpg,layout
261,PRIMARY,165,1902,SF,SALIENT WOOD,128,67,39_SUEDE_FINISH,261_1902_SF_SALIENT_WOOD.jpg,layout
262,PRIMARY,111,1702,SF,MERINO OAK DARK,129,68,39_SUEDE_FINISH,262_1702_SF_MERINO_OAK_DARK.jpg,layout
263,PRIMARY,39,1551,SF,SUDAN TEAK MEDIUM,129,68,39_SUEDE_FINISH,263_1551_SF_SUDAN_TEAK_MEDIUM.jpg,layout
264,PRIMARY,41,1553,SF,SUDAN TEAK DARK,129,68,39_SUEDE_FINISH,264_1553_SF_SUDAN_TEAK_DARK.jpg,layout
265,PRIMARY,40,1552,SF,SUDAN TEAK LIGHT,129,68,39_SUEDE_FINISH,265_1552_SF_SUDAN_TEAK_LIGHT.jpg,layout
266,ADDITIONAL,,1101,SF,SUPER WHITE,130,68,39_SUEDE_FINISH,266_1101_SF_SUPER_WHITE.jpg,layout
267,ADDITIONAL,,1103,SF,OFF WHITE,130,68,39_SUEDE_FINISH,267_1103_SF_OFF_WHITE.jpg,layout
268,ADDITIONAL,,1103,MT,OFF WHITE,130,68,39_SUEDE_FINISH,268_1103_MT_OFF_WHITE.jpg,layout
269,ADDITIONAL,,1105,SF,IVORY,130,68,39_SUEDE_FINISH,269_1105_SF_IVORY.jpg,layout
270,ADDITIONAL,,1116,SF,LIGHT GREY,130,68,39_SUEDE_FINISH,270_1116_SF_LIGHT_GREY.jpg,layout
271,ADDITIONAL,,1104,SF,FROSTY WHITE,130,68,39_SUEDE_FINISH,271_1104_SF_FROSTY_WHITE.jpg,layout
272,ADDITIONAL,,1102,SF,NATURAL WHITE,130,68,39_SUEDE_FINISH,272_1102_SF_NATURAL_WHITE.jpg,layout
273,ADDITIONAL,,1117,SF,SLATE GREY,130,68,39_SUEDE_FINISH,273_1117_SF_SLATE_GREY.jpg,layout
274,ADDITIONAL,,1161,SF,GREEN,130,68,39_SUEDE_FINISH,274_1161_SF_GREEN.jpg,layout
275,ADDITIONAL,,1160,SF,PARROT GREEN,130,68,39_SUEDE_FINISH,275_1160_SF_PARROT_GREEN.jpg,layout
276,ADDITIONAL,,1142,SF,ORANGE,130,68,39_SUEDE_FINISH,276_1142_SF_ORANGE.jpg,layout
277,ADDITIONAL,,1146,SF,LIME YELLOW,130,68,39_SUEDE_FINISH,277_1146_SF_LIME_YELLOW.jpg,layout
278,ADDITIONAL,,1145,SF,YELLOW,130,68,39_SUEDE_FINISH,278_1145_SF_YELLOW.jpg,layout
279,ADDITIONAL,,1162,SF,PEACOCK GREEN,130,68,39_SUEDE_FINISH,279_1162_SF_PEACOCK_GREEN.jpg,layout
280,ADDITIONAL,,1130,SF,MAROON,130,68,39_SUEDE_FINISH,280_1130_SF_MAROON.jpg,layout
281,ADDITIONAL,,1131,SF,RED,130,68,39_SUEDE_FINISH,281_1131_SF_RED.jpg,layout
282,ADDITIONAL,,1151,SF,BLACK,130,68,39_SUEDE_FINISH,282_1151_SF_BLACK.jpg,layout
283,ADDITIONAL,,1125,SF,PINK,130,68,39_SUEDE_FINISH,283_1125_SF_PINK.jpg,layout
284,ADDITIONAL,,1121,SF,PURPLE,130,68,39_SUEDE_FINISH,284_1121_SF_PURPLE.jpg,layout
285,ADDITIONAL,,1114,SF,CHOCOLATE,130,68,39_SUEDE_FINISH,285_1114_SF_CHOCOLATE.jpg,layout
286,ADDITIONAL,,1111,SF,BROWN,130,68,39_SUEDE_FINISH,286_1111_SF_BROWN.jpg,layout
287,ADDITIONAL,,1115,SF,DARK GREY,130,68,39_SUEDE_FINISH,287_1115_SF_DARK_GREY.jpg,layout
288,ADDITIONAL,,1135,SF,SMOKY BLUE,130,68,39_SUEDE_FINISH,288_1135_SF_SMOKY_BLUE.jpg,layout
289,ADDITIONAL,,1134,SF,BLUE,130,68,39_SUEDE_FINISH,289_1134_SF_BLUE.jpg,layout
